,location,continent,total_cases_per_million,total_deaths_per_million,reproduction_rate,icu_patients_per_million,hosp_patients_per_million,total_tests_per_thousand,positive_rate,people_fully_vaccinated_per_hundred,stringency_index,population_density,median_age,aged_65_older,diabetes_prevalence,female_smokers,male_smokers,handwashing_facilities,hospital_beds_per_thousand,life_expectancy,human_development_index,Country,Region,Population,Area(sq.mi.),Pop.Density(persq.mi.),Coastline(coast/arearatio),Netmigration,Infantmortality(per1000births),GDP($percapita),Literacy(%),Phones(per1000),Arable(%),Crops(%),Other(%),Climate,Birthrate,Deathrate,Agriculture,Industry,Service
0,Aruba,North America,415183.31,2724.053,,,,7.443,,79.19,38.320210237659964,584.8,41.2,13.085,11.62,,,,,76.29,,Aruba,LATINAMER.&CARIB,71891,193,372.5,35.49,0.0,5.89,28000.0,97.0,516.1,10.53,0.0,89.47,2.0,11.03,6.68,0.004,0.333,0.663
1,Afghanistan,Asia,5399.48,192.517,1.0485247524752475,,,24.811,0.5184,36.88,27.444661791590494,54.422,18.6,2.581,9.59,,,37.746,0.5,64.83,0.511,Afghanistan,ASIA(EX.NEAREAST),31056997,647500,48.0,0.0,23.06,163.07,700.0,36.0,3.2,12.13,0.22,87.65,1.0,46.6,20.34,0.38,0.24,0.38
2,Angola,Africa,2961.14,54.343,0.7706837606837607,,,46.91,0.1635,24.79,51.716106032906765,23.89,16.8,2.405,3.94,,,26.664,,61.15,0.581,Angola,SUB-SAHARANAFRICA,12127071,1246700,9.7,0.13,0.0,191.19,1900.0,42.0,7.8,2.41,0.24,97.35,,45.11,24.2,0.096,0.658,0.246
3,Anguilla,North America,245890.282,755.81,,,,3261.728,0.1615,65.38,,,,,,,,,,81.88,,Anguilla,LATINAMER.&CARIB,13477,102,132.1,59.8,10.76,21.03,8600.0,95.0,460.0,0.0,0.0,100.0,2.0,14.17,5.34,0.04,0.18,0.78
4,Albania,Europe,117541.387,1267.979,1.0285714285714285,,,565.336,0.9666,44.96,41.85849177330896,104.871,38.0,13.188,10.08,7.1,51.2,,2.89,78.57,0.795,Albania,EASTERNEUROPE,3581655,28748,124.6,1.26,-4.93,21.52,4500.0,86.5,71.2,21.09,4.42,74.49,3.0,15.11,5.22,0.232,0.188,0.579
5,Andorra,Europe,601367.684,1991.408,0.8726870078740158,,,3799.719,0.9515,67.0,33.54798903107861,163.755,,,7.97,29.0,37.8,,,83.73,0.8680000000000001,Andorra,WESTERNEUROPE,71201,468,152.1,0.0,6.6,4.05,19000.0,100.0,497.2,2.22,0.0,97.78,3.0,8.71,6.25,,,
6,Argentina,South America,220718.205,2866.866,0.969852652259332,175.103,,809.775,0.662,76.64,52.42913321167883,16.177,31.9,11.198,5.5,16.2,27.7,,5.0,76.67,0.8449999999999999,Argentina,LATINAMER.&CARIB,39921833,2766890,14.4,0.18,0.61,15.18,11200.0,97.1,220.4,12.31,0.48,87.21,3.0,16.73,7.55,0.095,0.358,0.547
7,Armenia,Asia,161556.383,3146.948,0.8804710500490678,,,1111.536,0.478,35.83,,102.931,35.7,11.232,7.11,1.5,52.1,94.043,4.2,75.09,0.776,Armenia,C.W.OFIND.STATES,2976372,29800,99.9,0.0,-6.47,23.28,3500.0,98.6,195.7,17.55,2.3,80.15,4.0,12.07,8.23,0.239,0.343,0.418
8,Australia,Oceania,436255.497,804.625,1.0954961089494164,16.197,212.817,2830.525,0.5793,82.7,47.28330895795247,3.202,37.9,15.504,5.07,13.0,16.5,,3.8399999999999994,83.44,0.944,Australia,OCEANIA,20264082,7686850,2.6,0.34,3.98,4.69,29000.0,100.0,565.5,6.55,0.04,93.41,1.0,12.14,7.51,0.038,0.262,0.7
9,Austria,Europe,679902.73,2518.452,1.063920233463035,79.31,524.519,21272.133,0.0892,74.76,49.232961608775135,106.749,44.4,19.202,6.35,28.4,30.9,,7.37,81.54,0.922,Austria,WESTERNEUROPE,8192880,83870,97.7,0.0,2.0,4.66,30000.0,98.0,452.2,16.91,0.86,82.23,3.0,8.74,9.76,0.018,0.304,0.678
10,Azerbaijan,Asia,80310.459,992.172,0.9759881422924902,,,673.696,0.389,46.94,60.101224862888486,119.309,32.4,6.018,7.11,0.3,42.5,83.241,4.7,73.0,0.756,Azerbaijan,C.W.OFIND.STATES,7961619,86600,91.9,0.0,-4.9,81.74,3400.0,97.0,137.1,19.63,2.71,77.66,1.0,20.74,9.75,0.141,0.457,0.402
11,Burundi,Africa,4170.965,1.164,0.8606774193548387,,,128.377,0.0888,0.28,15.87892138939671,423.062,17.5,2.562,6.05,,,6.144,0.8,61.58,0.433,Burundi,SUB-SAHARANAFRICA,8090068,27830,290.7,0.0,-0.06,69.29,600.0,51.6,3.4,35.05,14.02,50.93,2.0,42.22,13.46,0.463,0.203,0.334
12,Belgium,Europe,411787.381,2947.0,1.1231395348837208,126.459,640.104,2955.332,0.464,78.66,39.11867458866545,375.564,41.8,18.571,4.29,25.1,31.4,,5.64,81.63,0.931,Belgium,WESTERNEUROPE,10379067,30528,340.0,0.22,1.23,4.68,29100.0,98.0,462.6,23.28,0.4,76.32,3.0,10.38,10.27,0.01,0.24,0.749
13,Benin,Africa,2097.977,12.207,0.4830721649484536,,,46.496,,20.54,32.233263254113346,99.11,18.8,3.244,0.99,0.6,12.3,11.035,0.5,61.77,0.545,Benin,SUB-SAHARANAFRICA,7862944,112620,69.8,0.11,0.0,85.0,1100.0,40.9,9.7,18.08,2.4,79.52,2.0,38.85,12.22,0.316,0.138,0.546
14,Bangladesh,Asia,11916.317,172.041,1.0153846153846153,,,81.608,0.3209,82.09,50.06475319926874,1265.036,27.5,5.098,8.38,1.0,44.7,34.808,0.8,72.59,0.632,Bangladesh,ASIA(EX.NEAREAST),147365352,144000,1023.4,0.4,-0.71,62.6,1900.0,43.1,7.3,62.11,3.07,34.82,2.0,29.8,8.27,0.199,0.198,0.603
15,Bulgaria,Europe,192853.83,5661.642,1.037023575638507,117.813,1526.846,1463.898,0.4061,30.64,36.233692870201104,65.18,44.7,20.801,5.81,30.1,44.4,,7.454,75.05,0.816,Bulgaria,EASTERNEUROPE,7385367,110910,66.6,0.32,-4.58,20.55,7600.0,98.6,336.3,40.02,1.92,58.06,3.0,9.65,14.27,0.093,0.304,0.603
16,Bahrain,Asia,473167.024,1043.31,1.0214396887159534,,,6812.903,0.2895,83.33,37.86212065813528,1935.907,32.4,2.372,16.52,5.8,37.6,,2.0,77.29,0.852,Bahrain,NEAREAST,698585,665,1050.5,24.21,1.05,17.27,16900.0,89.1,281.3,2.82,5.63,91.55,1.0,17.8,4.14,0.005,0.387,0.608
17,Belarus,Europe,104251.871,746.516,0.7931349206349206,,,1380.273,0.3182,66.64,23.40146252285192,46.858,40.3,14.799,5.18,10.5,46.1,,11.0,74.79,0.823,Belarus,C.W.OFIND.STATES,10293011,207600,49.6,0.0,2.54,13.37,6100.0,99.6,319.1,29.55,0.6,69.85,4.0,11.16,14.02,0.093,0.316,0.591
18,Belize,North America,174647.47,1697.571,0.9534470989761092,,,1432.139,0.3094,54.63,48.10408592321755,16.426,25.0,3.853,17.11,,,90.083,1.3,74.62,0.716,Belize,LATINAMER.&CARIB,287730,22966,12.5,1.68,0.0,25.69,4900.0,94.1,115.7,2.85,1.71,95.44,2.0,28.84,5.72,0.142,0.152,0.612
19,Bermuda,North America,293737.443,2569.813,,,,653.221,0.0872,74.22,39.474579524680074,1308.82,,,13.0,,,,,82.59,,Bermuda,NORTHERNAMERICA,65773,53,1241.0,194.34,2.49,8.53,36000.0,98.0,851.4,20.0,0.0,80.0,2.0,11.4,7.74,0.01,0.1,0.89
20,Bolivia,South America,98141.591,1831.135,1.0801588877855015,19.224,199.033,367.596,0.6329,50.4,42.370237659963436,10.202,25.4,6.704,6.89,,,25.383,1.1,71.51,0.718,Bolivia,LATINAMER.&CARIB,8989046,1098580,8.2,0.0,-1.32,53.11,2400.0,87.2,71.9,2.67,0.19,97.14,1.5,23.3,7.53,0.128,0.352,0.52
21,Brazil,South America,174634.922,3264.575,1.0905560975609756,,,330.912,,81.82,48.63132541133455,25.04,33.5,8.552,8.11,10.1,17.9,,2.2,75.88,0.765,Brazil,LATINAMER.&CARIB,188078227,8511965,22.1,0.09,-0.03,29.61,7600.0,86.4,225.3,6.96,0.9,92.15,2.0,16.56,6.17,0.084,0.4,0.516
22,Barbados,North America,382728.674,2105.48,0.8921325966850828,,,2480.356,0.3745,55.05,47.930703839122486,664.463,39.8,14.952,13.57,1.9,14.5,88.469,5.8,79.19,0.814,Barbados,LATINAMER.&CARIB,279912,431,649.5,22.51,-0.31,12.5,15700.0,97.4,481.9,37.21,2.33,60.46,2.0,12.71,8.67,0.06,0.16,0.78
23,Brunei,Asia,685266.435,358.573,0.6271794871794872,,,209.245,,99.47,39.56822669104205,81.347,32.4,4.591,12.79,2.0,30.9,,2.7,75.86,0.838,Brunei,ASIA(EX.NEAREAST),379444,5770,65.8,2.79,3.59,12.61,18600.0,93.9,237.2,0.57,0.76,98.67,2.0,18.79,3.45,0.036,0.561,0.403
24,Bhutan,Asia,80096.414,26.839,0.801354401805869,,,2201.543,0.0454,86.61,50.7763071297989,21.188,28.600000000000005,4.885,9.75,,,79.807,1.7000000000000002,71.78,0.654,Bhutan,ASIA(EX.NEAREAST),2279723,47000,48.5,0.0,0.0,100.44,1300.0,42.2,14.3,3.09,0.43,96.48,2.0,33.65,12.7,0.258,0.379,0.363
25,Botswana,Africa,125437.403,1063.377,0.7944601962922574,,,882.839,0.8919,63.24,36.54747714808044,4.044,25.8,3.941,4.81,5.7,34.4,,1.7999999999999998,69.59,0.735,Botswana,SUB-SAHARANAFRICA,1639833,600370,2.7,0.0,0.0,54.58,9000.0,79.8,80.5,0.65,0.01,99.34,1.0,23.08,29.5,0.024,0.469,0.507
26,Canada,North America,121735.504,1369.027,1.052,36.069,286.626,1629.606,0.5287,82.6,50.403199268738575,4.037,41.4,16.984,7.37,12.0,16.6,,2.5,82.43,0.9289999999999999,Canada,NORTHERNAMERICA,33098932,9984670,3.3,2.02,5.96,4.75,29800.0,97.0,552.2,4.96,0.02,95.02,,10.78,7.8,0.022,0.294,0.684
27,Switzerland,Europe,504084.391,1603.689,1.1095353339787029,61.095,425.149,2448.135,0.522,,36.42452468007313,214.243,43.1,18.436,5.59,22.6,28.9,,4.53,83.78,0.9549999999999998,Switzerland,WESTERNEUROPE,7523934,41290,182.2,0.0,4.05,4.39,32700.0,99.0,680.9,10.42,0.61,88.97,3.0,9.71,8.49,0.015,0.34,0.645
28,Chile,South America,269723.893,3290.036,1.0455522971652003,173.742,,2040.365,0.3626,90.29,51.48086837294333,24.282,35.4,11.087,8.46,34.2,41.5,,2.11,80.18,0.851,Chile,LATINAMER.&CARIB,16134219,756950,21.3,0.85,0.0,8.8,9900.0,96.2,213.0,2.65,0.42,96.93,3.0,15.23,5.81,0.06,0.493,0.447
29,China,Asia,69622.096,85.025,1.0477509293680298,,,6461.913,0.0016,89.54,73.447239488117,147.674,38.7,10.641,9.74,1.9,48.4,,4.34,76.91,0.761,China,ASIA(EX.NEAREAST),1313973713,9596960,136.9,0.15,-0.4,24.18,5000.0,90.9,266.7,15.4,1.25,83.35,1.5,13.25,6.97,0.125,0.473,0.403
30,Cameroon,Africa,4479.242,70.644,0.4876709613478692,,,100.416,0.0456,11.13,31.599478976234007,50.885,18.8,3.165,7.2,,,2.735,1.3,59.29,0.563,Cameroon,SUB-SAHARANAFRICA,17340702,475440,36.5,0.08,0.0,68.26,1800.0,79.0,5.7,12.81,2.58,84.61,1.5,33.89,13.47,0.448,0.17,0.382
31,Colombia,South America,122776.932,2752.148,0.9652254901960784,,,684.075,0.416,71.36,50.75776965265082,44.223,32.2,7.646,7.44,4.7,13.5,65.386,1.71,77.29,0.767,Colombia,LATINAMER.&CARIB,43593035,1138910,38.3,0.28,-0.31,20.97,6300.0,92.5,176.2,2.42,1.67,95.91,2.0,20.48,5.58,0.125,0.342,0.533
32,Comoros,Africa,10885.737,192.404,0.6809292502639915,,,122.062,0.0025,47.45,,437.352,20.4,2.963,11.88,4.4,23.6,15.574,2.2,64.32,0.554,Comoros,SUB-SAHARANAFRICA,690948,2170,318.4,15.67,0.0,74.93,700.0,56.5,24.5,35.87,23.32,40.81,2.0,36.93,8.2,0.4,0.04,0.56
33,Cuba,North America,99383.636,760.779,1.0188415841584157,,,470.557,0.0879,89.36,48.10032906764168,110.408,43.1,14.738,8.27,17.1,53.3,85.198,5.2,78.8,0.783,Cuba,LATINAMER.&CARIB,11382820,110860,102.7,3.37,-1.58,6.33,2900.0,97.0,74.7,33.05,7.6,59.35,2.0,11.89,7.22,0.055,0.261,0.684
34,Cyprus,Europe,737554.506,1522.31,1.0098816568047337,63.616,335.935,32925.826,0.0606,72.11,45.17851005484461,127.657,37.3,13.416,9.24,19.6,52.7,,3.4000000000000004,80.98,0.8870000000000001,Cyprus,NEAREAST,784301,9250,84.8,7.01,0.43,7.18,19200.0,97.6,,7.79,4.44,87.77,3.0,12.56,7.68,0.037,0.198,0.765
35,Germany,Europe,460957.128,2092.028,1.0975409836065575,69.102,,1574.021,0.556,76.24,44.12263254113345,237.016,46.6,21.453,8.31,28.2,33.1,,8.0,81.33,0.947,Germany,WESTERNEUROPE,82422299,357021,230.9,0.67,2.18,4.16,27600.0,99.0,667.9,33.85,0.59,65.56,3.0,8.25,10.62,0.009,0.296,0.695
36,Djibouti,Africa,13998.292,168.622,0.7121821821821822,,,280.159,0.0503,31.38,39.91341864716636,41.285,25.4,4.213,6.05,1.7,24.5,,1.4,67.11,0.524,Djibouti,SUB-SAHARANAFRICA,486530,23000,21.2,1.37,0.0,104.13,1300.0,67.9,22.8,0.04,0.0,99.96,1.0,39.53,19.31,0.179,0.225,0.596
37,Dominica,North America,216608.483,1017.07,0.4243801652892562,,,2836.077,0.3853,42.14,39.91393053016453,98.567,,,11.62,,,,3.7999999999999994,75.0,0.742,Dominica,LATINAMER.&CARIB,68910,754,91.4,19.63,-13.87,14.15,5400.0,94.0,304.8,6.67,20.0,73.33,2.0,15.27,6.73,0.177,0.328,0.495
38,Denmark,Europe,580366.828,1482.254,1.0538424124513617,26.01,299.545,11043.263,0.3399,80.52,35.37646252285192,136.52,42.3,19.677,6.41,19.3,18.8,,2.5,80.9,0.94,Denmark,WESTERNEUROPE,5450661,43094,126.5,16.97,2.48,4.56,31100.0,100.0,614.6,54.02,0.19,45.79,3.0,11.13,10.36,0.018,0.246,0.735
39,Algeria,Africa,6053.93,153.241,1.0034513274336283,1.492,,5.219,,14.43,48.45615173674589,17.348,29.100000000000005,6.211,6.73,0.7,30.4,83.741,1.8999999999999997,76.88,0.748,Algeria,NORTHERNAFRICA,32930091,2381740,13.8,0.04,-0.39,31.0,6000.0,70.0,78.1,3.22,0.25,96.53,1.0,17.14,4.61,0.101,0.6,0.298
40,Ecuador,South America,59011.993,2000.944,0.998343137254902,,,161.295,0.673,79.11,47.826535648994515,66.939,28.100000000000005,7.104,5.55,2.0,12.3,80.635,1.5,77.01,0.759,Ecuador,LATINAMER.&CARIB,13547510,283560,47.8,0.79,-8.58,23.66,3300.0,92.5,125.6,5.85,4.93,89.22,2.0,22.29,4.23,0.07,0.312,0.618
41,Egypt,Africa,4649.271,223.714,0.757158203125,,,109.415,0.9089,38.15,43.35214808043876,97.999,25.3,5.159,17.31,0.2,50.1,89.827,1.6,71.99,0.707,Egypt,NORTHERNAFRICA,78887007,1001450,78.8,0.24,-0.22,32.59,4000.0,57.7,131.8,2.87,0.48,96.65,1.0,22.94,5.23,0.149,0.357,0.493
42,Eritrea,Africa,2765.713,27.958,0.7646938775510205,,,6.544,,,0.0,44.304,19.3,3.607,6.05,0.2,11.4,,0.7,66.32,0.459,Eritrea,SUB-SAHARANAFRICA,4786994,121320,39.5,1.84,0.0,74.87,700.0,58.6,7.9,4.95,0.03,95.02,1.5,34.33,9.6,0.102,0.254,0.643
43,Spain,Europe,292072.215,2552.975,1.1482722007722006,102.905,568.33,1961.848,0.434,85.66,45.04116087751371,93.105,45.5,19.436,7.17,27.4,31.4,,2.97,83.56,0.904,Spain,WESTERNEUROPE,40397842,504782,80.0,0.98,0.99,4.42,22000.0,97.9,453.5,26.07,9.87,64.06,3.0,10.06,9.72,0.04,0.295,0.665
44,Estonia,Europe,466816.835,2263.088,1.0594921875,52.788,552.764,2577.757,0.616,64.98,32.07683729433272,31.033,42.7,19.452,4.02,24.5,39.3,,4.69,78.74,0.8920000000000001,Estonia,BALTICS,1324333,45226,29.3,8.39,-3.16,7.87,12300.0,99.8,333.8,16.04,0.45,83.51,3.0,10.04,13.25,0.04,0.294,0.666
45,Ethiopia,Africa,4059.866,61.388,1.0316986855409505,,,41.774,0.4553,30.51,45.119707495429616,104.957,19.8,3.526,7.47,0.4,8.5,7.96,0.3,66.6,0.48500000000000004,Ethiopia,SUB-SAHARANAFRICA,74777981,1127127,66.3,0.0,0.0,95.32,700.0,42.7,8.2,10.71,0.75,88.54,2.0,37.98,14.86,0.475,0.099,0.426
46,Finland,Europe,267178.872,1759.691,1.0193865628042844,14.98,196.544,1994.022,0.509,78.47,32.57875685557587,18.136,42.8,21.228,5.76,18.3,22.6,,3.28,81.91,0.938,Finland,WESTERNEUROPE,5231372,338145,15.5,0.37,0.95,3.57,27400.0,100.0,405.3,7.19,0.03,92.78,3.0,10.45,9.86,0.028,0.295,0.676
47,Fiji,Oceania,74127.014,949.698,0.9583116883116884,,,604.059,,68.96,54.12250457038391,49.562,28.600000000000005,6.224,14.49,10.2,34.8,,2.3,67.44,0.743,Fiji,OCEANIA,905949,18270,49.6,6.18,-3.14,12.62,5800.0,93.7,112.6,10.95,4.65,84.4,2.0,22.55,5.65,0.089,0.135,0.776
48,France,Europe,604292.946,2532.702,1.0890173410404624,103.505,493.504,4126.754,0.309,78.44,42.349826325411335,122.578,42.0,19.718,4.77,30.1,35.6,,5.98,82.66,0.9010000000000001,France,WESTERNEUROPE,60876136,547030,111.3,0.63,0.66,4.26,27600.0,99.0,586.4,33.53,2.07,64.4,4.0,11.99,9.14,0.022,0.214,0.764
49,Gabon,Africa,20507.351,128.506,0.8080808080808081,,,683.374,0.6613,10.78,47.54945155393053,7.859,23.1,4.45,7.2,,,,6.3,66.47,0.703,Gabon,SUB-SAHARANAFRICA,1424906,267667,5.3,0.33,0.0,53.64,5500.0,63.2,27.4,1.26,0.66,98.08,2.0,36.16,12.25,0.061,0.592,0.348
50,Georgia,Asia,492392.476,4563.366,0.8107936507936507,,,3632.937,0.9374,34.08,43.59658135283364,65.032,38.7,14.864,7.11,5.3,55.5,,2.6,73.77,0.812,Georgia,C.W.OFIND.STATES,4661473,69700,66.9,0.44,-4.7,18.59,2500.0,99.0,146.6,11.44,3.86,84.7,3.0,10.41,9.23,0.172,0.275,0.553
51,Guernsey,Europe,557817.114,1057.967,,,,,,83.23,,,,,,,,,,,,Guernsey,WESTERNEUROPE,65409,78,838.6,64.1,3.84,4.71,20000.0,,842.4,,,,3.0,8.81,10.01,0.03,0.1,0.87
52,Ghana,Africa,5127.664,43.673,0.9509683794466404,,,75.084,0.4347,30.38,42.65925959780622,126.719,21.1,3.385,4.97,0.3,7.7,41.047,0.8999999999999999,64.07,0.611,Ghana,SUB-SAHARANAFRICA,22409572,239460,93.6,0.23,-0.64,51.43,2200.0,74.8,14.4,16.26,9.67,74.07,2.0,30.52,9.72,0.366,0.246,0.387
53,Gibraltar,Europe,628882.7,3458.09,,,,16322.865,0.1481,126.89,,3457.1,,,,,,,,79.93,,Gibraltar,WESTERNEUROPE,27928,7,3989.7,171.43,0.0,5.13,17500.0,,877.7,0.0,0.0,100.0,,10.74,9.31,,,
54,Guinea,Africa,2782.454,33.768,0.735234297108674,,,52.351,0.0549,34.1,52.85707495429616,51.755,19.0,3.135,2.42,,,17.45,0.3,61.6,0.477,Guinea,SUB-SAHARANAFRICA,9690222,245857,39.4,0.13,-3.06,90.37,2100.0,35.9,2.7,3.63,2.58,93.79,2.0,41.76,15.48,0.237,0.362,0.401
55,Guadeloupe,North America,512520.151,2569.726,,,,,,,,,43.4,,,,,,,82.14,,Guadeloupe,LATINAMER.&CARIB,452776,1780,254.4,17.19,-0.15,8.6,8000.0,90.0,463.8,11.24,3.55,85.21,2.0,15.05,6.09,0.15,0.17,0.68
56,Guinea-Bissau,Africa,4565.963,84.062,0.5777505112474437,,,69.368,0.0445,25.35,,66.191,19.4,3.002,2.42,,,6.403,,58.32,0.4799999999999999,Guinea-Bissau,SUB-SAHARANAFRICA,1442029,36120,39.9,0.97,-1.57,107.17,800.0,42.4,7.4,10.67,8.82,80.51,2.0,37.22,16.53,0.62,0.12,0.26
57,Greece,Europe,586094.984,3564.189,1.0374634146341464,,,8088.12,0.1054,73.62,52.64063071297989,83.479,45.3,20.396,4.55,35.3,52.0,,4.21,82.24,0.888,Greece,WESTERNEUROPE,10688058,131940,81.0,10.37,2.35,5.53,20000.0,97.5,589.7,21.1,8.78,70.12,3.0,9.68,10.24,0.054,0.213,0.733
58,Grenada,North America,156967.615,1897.034,0.55721399730821,,,1357.796,0.2687,31.11,,317.132,29.399999999999995,7.304,10.71,,,,3.7000000000000006,72.4,0.779,Grenada,LATINAMER.&CARIB,89703,344,260.8,35.17,-13.92,14.62,5000.0,98.0,364.5,5.88,29.41,64.71,2.0,22.08,6.88,0.054,0.18,0.766
59,Greenland,North America,211898.609,371.721,,,,,,68.17,30.796901279707495,0.137,,,2.16,,,,,71.7,,Greenland,NORTHERNAMERICA,56361,2166086,0.0,2.04,-8.37,15.82,20000.0,,448.9,0.0,0.0,100.0,1.0,15.93,7.84,,,
60,Guatemala,North America,70235.656,1132.151,1.0629689067201604,,,231.012,0.513,39.94,53.555274223034736,157.834,22.9,4.694,10.18,,,76.665,0.6,74.3,0.663,Guatemala,LATINAMER.&CARIB,12293545,108890,112.9,0.37,-1.67,35.93,4100.0,70.6,92.1,12.54,5.03,82.43,2.0,29.88,5.2,0.227,0.188,0.585
61,Guam,Oceania,300221.791,2404.196,,,,1897.076,0.583,,0.0,304.128,31.399999999999995,9.551,21.52,,,,,80.07,,Guam,OCEANIA,171019,541,316.1,23.2,0.0,6.94,21000.0,99.0,492.0,9.09,16.36,74.55,2.0,18.79,4.48,,,
62,Guyana,South America,90583.102,1604.992,1.01770423991727,,,550.228,0.3698,47.23,52.29457038391225,3.952,26.299999999999997,5.305,11.62,,,77.159,1.6,69.91,0.682,Guyana,LATINAMER.&CARIB,767245,214970,3.6,0.21,-2.07,33.26,4000.0,98.8,143.5,2.44,0.15,97.41,2.0,18.28,8.28,0.37,0.203,0.427
63,Honduras,North America,45301.01,1065.48,0.9229633300297324,,,,,56.11,62.96259597806216,82.805,24.9,4.652,7.21,2.0,,84.169,0.7,75.27,0.634,Honduras,LATINAMER.&CARIB,7326496,112090,65.4,0.73,-1.99,29.32,2600.0,76.2,67.5,9.55,3.22,87.23,2.0,28.24,5.28,0.139,0.312,0.549
64,Croatia,Europe,316068.709,4532.1,1.0473110893032385,,738.395,1212.45,0.529,55.87,33.4650731261426,73.726,44.0,19.724,5.59,34.3,39.9,,5.54,78.49,0.851,Croatia,EASTERNEUROPE,4494749,56542,79.5,10.32,1.58,6.84,10600.0,98.5,420.4,26.09,2.27,71.65,,9.61,11.48,0.07,0.308,0.622
65,Haiti,North America,2955.632,74.234,0.9222554067971164,,,18.047,0.424,3.02,44.23063071297989,398.448,24.3,4.8,6.65,2.9,23.1,22.863,0.7,64.0,0.51,Haiti,LATINAMER.&CARIB,8308504,27750,299.4,6.38,-3.4,73.45,1600.0,52.9,16.9,28.3,11.61,60.09,2.0,36.44,12.17,0.28,0.2,0.52
66,Hungary,Europe,221011.319,4894.904,1.0798131760078664,,,1127.081,0.4236,62.28,36.609698354661795,108.043,43.4,18.577,7.55,26.8,34.8,,7.02,76.88,0.8540000000000001,Hungary,EASTERNEUROPE,9981334,93030,107.3,0.0,0.86,8.57,13900.0,99.4,336.2,50.09,2.06,47.85,3.0,9.72,13.11,0.037,0.312,0.651
67,Indonesia,Asia,24715.415,587.307,1.0380547409579668,,,217.363,0.3054,62.68,54.55830895795247,145.725,29.299999999999997,5.319,6.32,2.8,76.1,64.204,1.04,71.72,0.718,Indonesia,ASIA(EX.NEAREAST),245452739,1919440,127.9,2.85,0.0,35.6,3200.0,87.9,52.0,11.32,7.23,81.45,2.0,20.34,6.25,0.134,0.458,0.408
68,India,Asia,31747.624,375.313,1.035478515625,,,609.938,0.2268,67.17,57.97097806215722,450.419,28.200000000000003,5.989,10.39,1.9,20.6,59.55,0.53,69.66,0.645,India,ASIA(EX.NEAREAST),1095351995,3287590,333.2,0.21,-0.07,56.29,2900.0,59.5,45.4,54.4,2.74,42.86,2.5,22.01,8.18,0.186,0.276,0.538
69,Ireland,Europe,340955.042,1787.539,1.05501953125,43.001,386.414,2476.135,0.51,80.88,42.62072212065814,69.874,38.7,13.928,3.28,23.0,25.7,,2.96,82.3,0.9549999999999998,Ireland,WESTERNEUROPE,4062235,70280,57.8,2.06,4.99,5.39,29600.0,98.0,500.5,15.2,0.03,84.77,3.0,14.45,7.82,0.05,0.46,0.49
70,Iran,Asia,85961.402,1651.791,1.0218731988472622,,,594.485,0.5375,66.13,59.445210237659964,49.831,32.4,5.44,9.59,0.8,21.1,,1.5,76.68,0.783,Iran,ASIA(EX.NEAREAST),68688433,1648000,41.7,0.15,-0.84,41.58,7000.0,79.4,276.4,8.72,1.39,89.89,1.0,17.0,5.55,0.116,0.424,0.46
71,Iraq,Asia,55410.332,570.274,0.9739707317073171,,,436.507,0.2751,17.85,58.4872029250457,88.125,20.0,3.186,8.83,,,94.576,1.4,70.6,0.674,Iraq,NEAREAST,26783383,437072,61.3,0.01,0.0,50.25,1500.0,40.4,38.6,13.15,0.78,86.07,1.0,31.98,5.37,0.073,0.666,0.261
72,Iceland,Europe,560979.665,697.232,0.9515399610136452,,,3709.574,,77.82,30.66988117001828,3.404,37.3,14.431,5.31,14.3,15.2,,2.91,82.99,0.949,Iceland,WESTERNEUROPE,299388,103000,2.9,4.83,2.38,3.31,30900.0,99.9,647.7,0.07,0.0,99.93,3.0,13.64,6.72,0.086,0.15,0.765
73,Israel,Asia,510824.426,1327.125,1.0573268292682927,44.449,393.057,5573.137,0.333,65.19,43.36253199268739,402.606,30.600000000000005,11.733,6.74,15.4,35.4,,2.99,82.97,0.9189999999999999,Israel,NEAREAST,6352117,20770,305.8,1.31,0.68,7.03,19800.0,95.4,462.3,16.39,4.17,79.44,3.0,17.97,6.18,0.026,0.317,0.657
74,Italy,Europe,438210.379,3227.052,1.0682854406130269,68.905,652.247,3795.998,0.2684,81.25,52.37960694698355,205.859,47.9,23.021,4.78,19.8,27.8,,3.18,83.51,0.8920000000000001,Italy,WESTERNEUROPE,58133509,301230,193.0,2.52,2.07,5.94,26700.0,98.6,430.9,27.79,9.53,62.68,,8.72,10.4,0.021,0.291,0.688
75,Jamaica,North America,54830.228,1255.578,0.9596068548387097,,,397.603,0.4219,26.85,54.07849177330896,266.879,31.399999999999995,9.684,11.28,5.3,28.6,66.425,1.7000000000000002,74.47,0.734,Jamaica,LATINAMER.&CARIB,2758124,10991,250.9,9.3,-4.92,12.36,3900.0,87.9,124.0,16.07,10.16,73.77,2.0,20.82,6.52,0.049,0.337,0.615
76,Jersey,Europe,599218.383,1453.121,,,,,,73.9,,,,,,,,,,,,Jersey,WESTERNEUROPE,91084,116,785.2,60.34,2.76,5.24,24800.0,,811.3,0.0,0.0,100.0,3.0,9.3,9.28,0.05,0.02,0.93
77,Jordan,Asia,154794.998,1251.299,0.8180905511811023,,,1507.249,0.5815,40.39,41.33564899451554,109.285,23.2,3.81,11.75,,,,1.4,74.53,0.729,Jordan,NEAREAST,5906760,92300,64.0,0.03,6.59,17.35,4300.0,91.3,104.5,2.67,1.83,95.5,1.0,21.25,2.65,0.033,0.287,0.68
78,Japan,Asia,272715.688,602.606,1.077189292543021,24.477,358.672,429.37,0.4913,83.4,40.43196526508227,347.778,48.2,27.049,5.72,11.2,33.7,,13.05,84.63,0.9189999999999999,Japan,ASIA(EX.NEAREAST),127463611,377835,337.4,7.87,0.0,3.26,28200.0,99.0,461.2,12.19,0.96,86.85,3.0,9.37,9.16,0.017,0.258,0.725
79,Kazakhstan,Asia,77474.851,983.194,0.9531521739130435,,,623.295,0.2281,54.79,51.334972577696526,6.681,30.600000000000005,6.991,7.11,7.0,43.1,98.999,6.699999999999999,73.6,0.8249999999999998,Kazakhstan,C.W.OFIND.STATES,15233244,2717300,5.6,0.0,-3.35,29.21,6300.0,98.4,164.1,7.98,0.05,91.97,4.0,16.0,9.42,0.067,0.386,0.547
80,Kenya,Africa,6354.395,105.28,1.0176318407960199,,,70.335,0.3541,20.53,51.64378427787934,87.324,20.0,2.686,2.92,1.2,20.4,24.651,1.4,66.7,0.601,Kenya,SUB-SAHARANAFRICA,34707817,582650,59.6,0.09,-0.1,61.47,1000.0,85.1,8.1,8.08,0.98,90.94,1.5,39.72,14.02,0.163,0.188,0.651
81,Kyrgyzstan,Asia,31202.206,451.089,0.8819563058589871,,,,,20.94,46.101654478976236,32.333,26.299999999999997,4.489,7.11,3.6,50.5,89.22,4.5,71.45,0.697,Kyrgyzstan,C.W.OFIND.STATES,5213898,198500,26.3,0.0,-2.45,35.64,1600.0,97.0,84.0,7.3,0.35,92.35,2.5,22.8,7.08,0.353,0.208,0.439
82,Cambodia,Asia,8277.924,182.254,0.7957383548067394,,,179.493,0.2509,87.43,45.20405850091407,90.672,25.6,4.412,4.0,2.0,33.7,66.229,0.8,69.82,0.594,Cambodia,ASIA(EX.NEAREAST),13881427,181040,76.7,0.24,0.0,71.48,1900.0,69.4,2.6,20.96,0.61,78.43,2.0,26.9,9.06,0.35,0.3,0.35
83,Kiribati,Oceania,38380.944,182.875,0.25252199413489734,,,,,62.08,25.239707495429613,143.701,23.2,3.895,22.66,35.9,58.9,,1.8999999999999997,68.37,0.63,Kiribati,OCEANIA,105432,811,130.0,140.94,0.0,48.52,800.0,,42.7,2.74,50.68,46.58,2.0,30.65,8.26,0.089,0.242,0.668
84,Kuwait,Asia,155999.012,602.031,0.92193359375,,,1931.449,0.2627,78.38,48.63106946983547,232.128,33.7,2.345,15.84,2.7,37.0,,2.0,75.49,0.806,Kuwait,NEAREAST,2418393,17820,135.7,2.8,14.18,9.95,19000.0,83.5,211.0,0.73,0.11,99.16,1.0,21.94,2.41,0.004,0.479,0.516
85,Laos,Asia,28988.069,89.116,1.0274313408723748,,,138.751,0.9293,69.36,46.22556672760511,29.715,24.4,4.029,4.0,7.3,51.2,49.839,1.5,67.92,0.613,Laos,ASIA(EX.NEAREAST),6368481,236800,26.9,0.0,0.0,85.22,1700.0,66.4,14.1,3.8,0.35,95.85,2.0,35.49,11.55,0.455,0.287,0.258
86,Lebanon,Asia,225430.548,1988.071,1.0380254154447703,,,846.002,,43.98,51.95795246800731,594.561,31.100000000000005,8.514,12.71,26.9,40.7,,2.9,78.93,0.744,Lebanon,NEAREAST,3874050,10400,372.5,2.16,0.0,24.52,4800.0,87.4,255.6,16.62,13.98,69.4,,18.52,6.21,0.12,0.21,0.67
87,Liberia,Africa,1525.641,55.444,0.5358680203045686,,,26.923,,70.36,45.413546617915905,49.127,19.2,3.057,2.42,1.5,18.1,1.188,0.8,64.1,0.4799999999999999,Liberia,SUB-SAHARANAFRICA,3042004,111370,27.3,0.52,0.0,128.87,1000.0,57.5,2.3,3.95,2.28,93.77,2.0,44.77,23.1,0.769,0.054,0.177
88,Libya,Africa,74462.329,944.902,0.8410537407797681,,,,0.2478,18.15,56.879670932358316,3.623,29.0,4.424,10.43,,,,3.7000000000000006,72.91,0.724,Libya,NORTHERNAFRICA,5900754,1759540,3.4,0.1,0.0,24.6,6400.0,82.6,127.1,1.03,0.19,98.78,,26.49,3.48,0.076,0.499,0.425
89,Liechtenstein,Europe,545546.944,2210.647,1.0612268518518517,,559.014,2321.576,0.346,,35.48836380255941,237.012,,,7.77,,,,2.397,82.49,0.9189999999999999,Liechtenstein,WESTERNEUROPE,33987,160,212.4,0.0,4.85,4.7,25000.0,100.0,585.5,25.0,0.0,75.0,4.0,10.21,7.18,0.06,0.39,0.55
90,Lesotho,Africa,14957.764,306.181,0.5626571113561191,,,201.508,0.181,40.68,43.97591407678245,73.562,22.2,4.506,3.94,0.4,53.9,2.117,,54.33,0.527,Lesotho,SUB-SAHARANAFRICA,2022331,30355,66.6,0.0,-0.74,84.23,3000.0,84.8,23.7,10.87,0.13,89.0,3.0,24.75,28.71,0.163,0.443,0.394
91,Lithuania,Europe,480255.689,3522.471,1.0343336623889436,58.544,934.889,3128.553,0.505,68.38,36.08526508226691,45.135,43.5,19.002,3.67,21.3,38.0,,6.56,75.93,0.8819999999999999,Lithuania,BALTICS,3585906,65200,55.0,0.14,-0.71,6.89,11400.0,99.6,223.4,45.22,0.91,53.87,,8.75,10.98,0.055,0.325,0.62
92,Luxembourg,Europe,494068.107,1902.406,1.077737512242899,77.208,381.408,6725.731,0.405,71.45,37.750740402193784,231.447,39.7,14.312,4.42,20.9,26.0,,4.51,82.25,0.916,Luxembourg,WESTERNEUROPE,474413,2586,183.5,0.0,8.97,4.81,55100.0,100.0,515.4,23.28,0.4,76.32,,11.94,8.41,0.01,0.13,0.86
93,Latvia,Europe,528402.932,3440.946,1.052229862475442,128.603,,3876.137,0.4668,70.57,35.553546617915906,31.212,43.9,19.754,4.91,25.6,51.0,,5.57,75.29,0.866,Latvia,BALTICS,2274735,64589,35.2,0.82,-2.23,9.55,10200.0,99.8,321.4,29.67,0.47,69.86,3.0,9.24,13.66,0.04,0.261,0.699
94,Morocco,Africa,34016.253,435.074,1.0310826771653543,,,316.606,0.2653,62.8,53.89393967093236,80.08,29.600000000000005,6.769,7.14,0.8,47.1,,1.1,76.68,0.686,Morocco,NORTHERNAFRICA,33241259,446550,74.4,0.41,-0.98,41.62,4000.0,51.7,40.4,19.61,2.17,78.22,,21.98,5.58,0.217,0.357,0.426
95,Monaco,Europe,460497.109,1836.069,1.0062054054054055,,,,,70.34,36.86795246800731,19347.5,,,5.46,,,,13.800000000000002,86.75,,Monaco,WESTERNEUROPE,32543,2,16271.5,205.0,7.75,5.43,27000.0,99.0,1035.6,0.0,0.0,100.0,,9.19,12.91,0.17,,
96,Moldova,Europe,189604.439,3702.422,0.9762561576354679,,,,0.447,32.94,41.23782449725777,123.655,37.6,10.864,5.72,5.9,44.6,86.979,5.8,71.9,0.75,Moldova,C.W.OFIND.STATES,4466706,33843,132.0,0.0,-0.26,40.42,1800.0,99.1,208.1,55.3,10.79,33.91,,15.7,12.64,0.213,0.233,0.555
97,Madagascar,Africa,2306.148,48.123,0.6974899598393575,,,15.623,0.5468,8.51,37.640539305301644,43.951,19.6,2.929,3.94,,,50.54,0.2,67.04,0.528,Madagascar,SUB-SAHARANAFRICA,18595469,587040,31.7,0.82,0.0,76.83,800.0,68.9,3.6,5.07,1.03,93.91,2.0,41.41,11.11,0.276,0.165,0.559
98,Maldives,Asia,356381.659,603.286,0.9672154471544716,,,4240.251,0.3653,73.53,,1454.433,30.600000000000005,4.12,9.19,2.1,55.0,95.803,,78.92,0.74,Maldives,ASIA(EX.NEAREAST),359008,300,1196.7,214.67,0.0,56.52,3900.0,97.2,90.0,13.33,16.67,70.0,2.0,34.81,7.06,0.2,0.18,0.62
99,Mexico,North America,59771.104,2620.833,1.0249901960784313,,,122.879,0.69,64.19,43.99120437956204,66.444,29.300000000000004,6.857,13.06,6.9,21.4,87.847,1.38,75.05,0.779,Mexico,LATINAMER.&CARIB,107449525,1972550,54.5,0.47,-4.87,20.91,9000.0,92.2,181.6,12.99,1.31,85.7,1.5,20.69,4.74,0.038,0.259,0.702
100,Mali,Africa,1467.23,32.885,0.9930150753768844,,,32.326,0.0337,16.08,37.610886654478975,15.196,16.4,2.519,2.42,1.6,23.0,52.232,0.1,59.31,0.43400000000000005,Mali,SUB-SAHARANAFRICA,11716829,1240000,9.5,0.0,-0.33,116.79,900.0,46.4,6.4,3.82,0.03,96.15,2.0,49.82,16.89,0.45,0.17,0.38
101,Malta,Europe,222684.341,1569.494,0.9960295566502463,50.629,,3703.589,0.2502,88.42,39.973967093235835,1454.037,42.4,19.426,8.83,20.9,30.2,,4.485,82.53,0.895,Malta,WESTERNEUROPE,400214,316,1266.5,62.28,2.07,3.89,17700.0,92.8,505.0,28.13,3.13,68.74,,10.22,8.1,0.03,0.23,0.74
102,Mongolia,Asia,297211.048,628.536,0.8896774193548387,,,2213.041,0.9912,64.02,43.040603290676415,1.98,28.600000000000005,4.031,4.82,5.5,46.5,71.18,7.0,69.87,0.737,Mongolia,ASIA(EX.NEAREAST),2832224,1564116,1.8,0.0,0.0,53.79,1800.0,97.8,55.1,0.77,0.0,99.23,1.0,21.59,6.95,0.206,0.214,0.58
103,Mozambique,Africa,7079.782,68.033,0.9401138716356108,,,41.83,0.6374,59.95,43.918921389396715,37.728,17.7,3.158,3.3,5.1,29.1,12.227,0.7,60.85,0.456,Mozambique,SUB-SAHARANAFRICA,19686505,801590,24.6,0.31,0.0,130.79,1200.0,47.8,3.5,5.1,0.3,94.6,2.0,35.18,21.35,0.262,0.348,0.39
104,Mauritania,Africa,13445.743,210.509,0.9596450939457203,,,216.286,0.5763,32.48,36.331288848263256,4.289,20.3,3.138,2.42,,,15.95,,64.92,0.546,Mauritania,SUB-SAHARANAFRICA,3177388,1030700,3.1,0.07,0.0,70.89,1800.0,41.7,12.9,0.48,0.01,99.51,1.0,40.99,12.16,0.25,0.29,0.46
105,Montserrat,North America,317924.315,1812.826,,,,,,44.23,,,,,,,,,,74.16,,Montserrat,LATINAMER.&CARIB,9439,102,92.5,39.22,0.0,7.35,3400.0,97.0,,20.0,0.0,80.0,2.0,17.59,7.1,,,
106,Martinique,North America,625761.88,2998.542,,,,,,,,,45.7,,,,,,,82.54,,Martinique,LATINAMER.&CARIB,436131,1100,396.5,31.82,-0.05,7.09,14400.0,97.7,394.4,10.38,9.43,80.19,2.0,13.74,6.48,0.06,0.11,0.83
107,Mauritius,Africa,236224.853,808.786,0.5482755203171458,,,987.58,0.2934,83.74,34.36884826325411,622.962,37.4,10.945,22.02,3.2,40.7,,3.4000000000000004,74.99,0.804,Mauritius,SUB-SAHARANAFRICA,1240827,2040,608.3,8.68,-0.9,15.03,11400.0,85.6,289.3,49.26,2.96,47.78,2.0,15.43,6.86,0.059,0.298,0.643
108,Malawi,Africa,4345.044,131.632,0.9584453781512604,,,29.628,0.7944,20.06,39.05315356489945,197.519,18.1,2.979,3.94,4.4,24.7,8.704,1.3,64.26,0.483,Malawi,SUB-SAHARANAFRICA,13013926,118480,109.8,0.0,0.0,103.32,600.0,62.7,7.9,23.38,1.49,75.13,2.0,43.13,19.33,0.342,0.158,0.499
109,Malaysia,Asia,150280.41,1092.78,1.0442079689018464,46.938,434.702,1806.391,0.1575,81.18,49.286206581352836,96.254,29.899999999999995,6.293,16.74,1.0,42.4,,1.8999999999999997,76.16,0.81,Malaysia,ASIA(EX.NEAREAST),24385858,329750,74.0,1.42,0.0,17.7,9000.0,88.7,179.0,5.48,17.61,76.91,2.0,22.86,5.05,0.084,0.48,0.436
110,Mayotte,Africa,128872.507,573.421,,,,,,,,,20.1,,,,,,,79.46,,Mayotte,SUB-SAHARANAFRICA,201234,374,538.1,49.52,6.78,62.4,2600.0,,49.7,,,,2.0,40.95,7.7,,,
111,Namibia,Africa,66734.865,1593.674,0.8119652551574377,,,417.384,0.6535,20.99,35.3817915904936,3.078,22.0,3.552,3.94,9.7,34.2,44.6,,63.71,0.646,Namibia,SUB-SAHARANAFRICA,2044147,825418,2.5,0.19,0.0,48.98,7200.0,84.0,62.6,0.99,0.0,99.01,1.0,24.32,18.86,0.097,0.315,0.588
112,Niger,Africa,362.981,12.019,0.7922808764940239,,,10.08,0.0396,20.81,21.389625228519197,16.955,15.100000000000001,2.553,2.42,0.1,15.4,8.978,0.3,62.42,0.394,Niger,SUB-SAHARANAFRICA,12525094,1267000,9.9,0.0,-0.67,121.69,800.0,17.6,1.9,3.54,0.01,96.45,1.0,50.73,20.91,0.39,0.17,0.44
113,Nigeria,Africa,1220.25,14.437,1.0092765113974231,,,24.74,0.2977,31.94,40.85574040219378,209.588,18.1,2.751,2.42,0.6,10.8,41.949,,54.69,0.539,Nigeria,SUB-SAHARANAFRICA,131859731,923768,142.7,0.09,0.26,98.8,900.0,68.0,9.3,31.29,2.96,65.75,1.5,40.43,16.94,0.269,0.487,0.244
114,Nicaragua,North America,2265.127,35.26,0.9952510460251046,,,28.666,0.035,87.66,11.354616087751372,51.667,27.299999999999997,5.445,11.47,,,,0.8999999999999999,74.48,0.66,Nicaragua,LATINAMER.&CARIB,5570129,129494,43.0,0.7,-1.22,29.11,2300.0,67.5,39.7,15.94,1.94,82.12,2.0,24.51,4.45,0.165,0.275,0.56
115,Netherlands,Europe,490227.864,1309.04,1.0697192642787996,43.783,109.201,1753.393,0.7,68.08,42.975347349177326,508.544,43.2,18.779,5.29,24.4,27.3,,3.3199999999999994,82.28,0.944,Netherlands,WESTERNEUROPE,16491461,41526,397.1,1.09,2.91,5.04,28600.0,99.0,460.8,26.71,0.97,72.32,3.0,10.9,8.68,0.021,0.244,0.736
116,Norway,Europe,273281.829,1017.238,1.0388565891472867,,117.402,2064.505,0.787,74.61,35.695210237659964,14.462,39.7,16.821,5.31,19.6,20.7,,3.5999999999999996,82.4,0.957,Norway,WESTERNEUROPE,4610820,323802,14.2,7.77,1.74,3.7,37800.0,100.0,461.7,2.87,0.0,97.13,3.0,11.46,9.4,0.021,0.415,0.564
117,Nepal,Asia,32845.541,393.845,1.0120721649484536,,,232.031,0.463,79.8,51.27999085923217,204.43,25.0,5.809,7.26,9.5,37.8,47.782,0.3,70.78,0.602,Nepal,ASIA(EX.NEAREAST),28287147,147181,192.2,0.0,0.0,66.98,1400.0,45.2,15.9,21.68,0.64,77.68,,30.98,9.31,0.38,0.21,0.41
118,Nauru,Oceania,424946.813,78.796,0.12112244897959183,,,,,89.4,,682.45,,,24.07,43.0,36.9,,5.0,59.96,,Nauru,OCEANIA,13287,21,632.7,142.86,0.0,9.95,5000.0,,143.0,0.0,0.0,100.0,2.0,24.76,6.7,,,
119,Oman,Asia,87286.454,1011.297,0.8578557312252965,,,449.439,0.7041,66.62,46.372531992687385,14.98,30.700000000000003,2.355,12.61,0.5,15.6,97.4,1.6,77.86,0.813,Oman,NEAREAST,3102229,212460,14.6,0.98,0.28,19.51,13100.0,75.8,85.5,0.0,0.14,99.74,1.0,36.24,3.81,0.027,0.39,0.583
120,Pakistan,Asia,6702.563,129.995,0.9649169110459433,,,124.846,0.2562,59.56,52.350868372943324,255.573,23.5,4.495,8.35,2.8,36.7,59.607,0.6,67.27,0.557,Pakistan,ASIA(EX.NEAREAST),165803560,803940,206.2,0.13,-2.77,72.44,2100.0,45.7,31.8,27.87,0.87,71.26,1.0,29.74,8.23,0.216,0.251,0.533
121,Panama,North America,235955.688,1956.185,0.9973405299313052,,,1493.643,0.4137,72.0,50.06598720292505,55.133,29.700000000000003,7.918,8.33,2.4,9.9,,2.3,78.51,0.815,Panama,LATINAMER.&CARIB,3191319,78200,40.8,3.18,-0.91,20.47,6300.0,92.6,137.9,7.36,1.98,90.66,2.0,21.74,5.36,0.068,0.156,0.776
122,Peru,South America,132376.433,6480.93,1.0810088148873653,,,859.283,0.333,84.18,53.71301645338208,25.129,29.100000000000005,7.151,5.95,4.8,,,1.6,76.74,0.777,Peru,LATINAMER.&CARIB,28302603,1285220,22.0,0.19,-1.05,31.94,5100.0,90.9,79.5,2.89,0.4,96.71,1.5,20.48,6.23,0.08,0.27,0.65
123,Philippines,Asia,35898.552,575.256,1.04533203125,,,250.025,0.4611,67.88,58.58877513711152,351.873,25.2,4.803,7.07,7.8,40.8,78.463,1.0,71.23,0.718,Philippines,ASIA(EX.NEAREAST),89468677,300000,298.2,12.1,-1.5,23.51,4600.0,92.6,38.4,18.95,16.77,64.28,2.0,24.89,5.41,0.144,0.326,0.53
124,Palau,Oceania,332282.681,497.678,0.5984857142857143,,,3308.2,0.1534,,,47.237,,,15.89,7.7,22.7,,4.8,73.7,0.8260000000000001,Palau,OCEANIA,20579,458,44.9,331.66,2.85,14.84,9000.0,92.0,325.6,8.7,4.35,86.95,2.0,18.03,6.8,0.062,0.12,0.818
125,Poland,Europe,163514.902,3001.143,1.043388671875,,874.724,964.881,0.4069,56.82,39.8650365630713,124.027,41.8,16.763,5.91,23.3,33.1,,6.62,78.73,0.88,Poland,EASTERNEUROPE,38536869,312685,123.3,0.16,-0.49,8.51,11100.0,99.8,306.3,45.91,1.12,52.97,3.0,9.85,9.89,0.05,0.311,0.64
126,Portugal,Europe,544262.957,2609.714,1.031258536585366,88.016,668.785,4161.808,0.5301,86.66,43.77980804387568,112.371,46.2,21.502,9.85,16.3,30.0,,3.3899999999999997,82.05,0.8640000000000001,Portugal,WESTERNEUROPE,10605870,92391,114.8,1.94,3.57,5.05,18000.0,93.3,399.2,21.75,7.81,70.44,3.0,10.72,10.5,0.053,0.274,0.673
127,Paraguay,South America,108507.104,2931.831,0.8421834496510469,,,389.304,0.639,52.31,43.75977148080439,17.144,26.5,6.378,8.27,5.0,21.6,79.602,1.3,74.25,0.728,Paraguay,LATINAMER.&CARIB,6506464,406750,16.0,0.0,-0.08,25.63,4700.0,94.0,49.2,7.6,0.23,92.17,2.0,29.1,4.49,0.224,0.207,0.569
128,Qatar,Asia,190558.455,256.017,1.0215481986368062,,,2817.619,,105.83,52.586325411334556,227.322,31.899999999999995,1.307,16.52,0.8,26.9,,1.2,80.23,0.848,Qatar,NEAREAST,885359,11437,77.4,4.92,16.29,18.61,21500.0,82.5,232.0,1.64,0.27,98.09,1.0,15.56,4.72,0.002,0.801,0.197
129,Reunion,Africa,507765.419,945.525,,,,,,,,,36.0,,,,,,,80.48,,Reunion,SUB-SAHARANAFRICA,787584,2517,312.9,8.22,0.0,7.78,5800.0,88.9,380.9,13.6,1.2,85.2,2.0,18.9,5.49,0.08,0.19,0.73
130,Romania,Europe,173211.213,3468.745,0.949892578125,96.748,1065.706,1099.946,0.7675,41.28,44.404478976234,85.129,43.0,17.85,9.74,22.9,37.1,,6.8919999999999995,76.05,0.828,Romania,EASTERNEUROPE,22303552,237500,93.9,0.09,-0.13,26.43,7000.0,98.4,196.9,40.82,2.25,56.93,3.0,10.7,11.77,0.101,0.35,0.549
131,Russia,Europe,158537.302,2758.737,1.0461998041136142,,,2034.729,0.2949,55.08,41.29217550274223,8.823,39.6,14.178,6.18,23.4,58.3,,8.05,72.58,0.824,Russia,C.W.OFIND.STATES,142893540,17075200,8.4,0.22,1.02,15.39,8900.0,99.6,280.6,7.33,0.11,92.56,,9.95,14.65,0.054,0.371,0.575
132,Rwanda,Africa,9668.061,106.557,0.9276470588235294,,,411.155,0.1257,71.85,53.826005484460694,494.869,20.3,2.974,4.28,4.7,21.0,4.617,,69.02,0.543,Rwanda,SUB-SAHARANAFRICA,8648248,26338,328.4,0.0,0.0,91.23,1300.0,70.4,2.7,40.54,12.16,47.3,3.0,40.37,16.09,0.401,0.229,0.37
133,Sudan,Africa,1365.207,107.65,0.8305578093306287,,,12.33,,28.62,29.500191956124315,23.258,19.7,3.548,15.67,,,23.437,0.8,65.31,0.51,Sudan,SUB-SAHARANAFRICA,41236378,2505810,16.5,0.03,-0.02,62.5,1900.0,61.1,16.3,6.83,0.18,92.99,2.0,34.53,8.97,0.387,0.203,0.41
134,Senegal,Africa,5139.563,113.822,0.9776976284584981,,,65.303,0.5714,8.33,26.687056672760512,82.328,18.7,3.008,2.42,0.4,16.6,20.859,,67.94,0.512,Senegal,SUB-SAHARANAFRICA,11987121,196190,61.1,0.27,0.2,55.51,1600.0,40.2,22.2,12.78,0.21,87.01,2.0,32.78,9.42,0.172,0.209,0.619
135,Singapore,Asia,438938.858,305.48,1.0519364161849711,,,,0.1718,90.85,43.654003656307125,7915.731,42.4,12.922,10.99,5.2,28.3,,2.4,83.62,0.938,Singapore,ASIA(EX.NEAREAST),4492150,693,6482.2,27.85,11.53,2.29,23700.0,92.5,411.4,1.64,0.0,98.36,2.0,9.34,4.28,0.0,0.339,0.661
136,Somalia,Africa,1553.288,77.34,0.576959595959596,,,29.37,0.0624,39.98,29.939606946983545,23.5,16.8,2.731,6.05,,,9.831,0.8999999999999999,57.4,,Somalia,SUB-SAHARANAFRICA,8863338,637657,13.9,0.47,5.37,116.7,500.0,37.8,11.3,1.67,0.04,98.29,1.0,45.13,16.63,0.65,0.1,0.25
137,Serbia,Europe,369984.081,2627.501,1.0367811579980373,51.371,1416.129,1433.869,0.5768,47.71,37.394954296160876,80.291,41.2,17.366,10.08,37.7,40.2,97.719,5.609,76.0,0.806,Serbia,EASTERNEUROPE,9396411,88361,106.3,0.0,-1.33,12.89,2200.0,93.0,285.8,33.35,3.2,63.45,,,,0.166,0.255,0.579
138,Suriname,South America,133506.244,2273.294,0.8821914893617021,,,137.335,0.508,38.49,54.346654478976234,3.612,29.600000000000005,6.933,12.54,7.4,42.9,67.779,3.1,71.68,0.738,Suriname,LATINAMER.&CARIB,439117,163270,2.7,0.24,-8.81,23.57,4000.0,93.0,184.7,0.37,0.06,99.57,2.0,18.02,7.27,0.13,0.22,0.65
139,Slovakia,Europe,330800.37,3750.717,0.9855740922473012,112.165,701.343,9405.66,0.34,45.68,39.05111517367459,113.128,41.2,15.07,7.29,23.1,37.7,,5.82,77.54,0.86,Slovakia,EASTERNEUROPE,5439448,48845,111.4,0.0,0.3,7.41,13300.0,,220.1,30.16,2.62,67.22,3.0,10.65,9.45,0.035,0.294,0.672
140,Slovenia,Europe,634192.249,4424.384,1.0561463414634147,136.331,624.575,2517.858,0.748,57.66,40.655402193784276,102.619,44.5,19.062,7.25,20.1,25.0,,4.5,81.32,0.917,Slovenia,EASTERNEUROPE,2010347,20273,99.2,0.23,1.12,4.45,19000.0,99.7,406.1,8.6,1.49,89.91,,8.98,10.31,0.028,0.369,0.603
141,Sweden,Europe,256928.555,2310.19,1.143827519379845,53.084,263.144,1758.614,0.7919,71.98,36.756435100548444,24.718,41.0,19.985,4.79,18.8,18.9,,2.22,82.8,0.945,Sweden,WESTERNEUROPE,9016596,449964,20.0,0.72,1.67,2.77,26800.0,99.0,715.0,6.54,0.01,93.45,3.0,10.27,10.31,0.011,0.282,0.707
142,Seychelles,Africa,475446.866,1605.451,0.7327924944812362,,,,,78.0,46.13047531992687,208.354,36.2,8.606,10.55,7.1,35.7,,3.5999999999999996,73.4,0.796,Seychelles,SUB-SAHARANAFRICA,81541,455,179.2,107.91,-5.69,15.53,7800.0,58.0,262.4,2.22,13.33,84.45,2.0,16.03,6.29,0.032,0.304,0.665
143,Syria,Asia,2595.361,142.959,0.9767752100840336,,,8.251,0.5305,10.66,37.58095978062157,,21.7,,,,,70.598,1.5,72.7,0.567,Syria,NEAREAST,18881361,185180,102.0,0.1,0.0,29.53,3300.0,76.9,153.8,25.22,4.43,70.35,1.0,27.76,4.81,0.249,0.23,0.519
144,Chad,Africa,434.343,10.946,0.6533128205128206,,,12.74,0.2394,34.57,36.380009140767825,11.833,16.7,2.486,6.1,,,5.818,,54.24,0.398,Chad,SUB-SAHARANAFRICA,9944201,1284000,7.7,0.0,-0.11,93.82,1200.0,47.5,1.3,2.86,0.02,97.12,2.0,45.73,16.38,0.335,0.259,0.406
145,Togo,Africa,4463.82,32.773,1.0193353783231083,,,86.722,0.313,17.56,43.61255941499086,143.366,19.4,2.839,6.15,0.9,14.2,10.475,0.7,61.04,0.515,Togo,SUB-SAHARANAFRICA,5548702,56785,97.7,0.1,0.0,66.61,1500.0,60.9,10.6,46.15,2.21,51.64,2.0,37.01,9.83,0.395,0.204,0.401
146,Thailand,Asia,66181.868,476.491,0.9881524926686217,,,345.439,0.5805,74.6,43.042358318098714,135.132,40.1,11.373,7.04,1.9,38.8,90.67,2.1,77.15,0.777,Thailand,ASIA(EX.NEAREAST),64631595,514000,125.7,0.63,0.0,20.48,7400.0,92.6,108.9,29.36,6.46,64.18,2.0,13.87,7.04,0.099,0.441,0.46
147,Tajikistan,Asia,1787.037,12.559,0.38247687564234323,,,,,51.95,27.93074954296161,64.281,23.3,3.466,7.11,,,72.704,4.8,71.1,0.668,Tajikistan,C.W.OFIND.STATES,7320815,143100,51.2,0.0,-2.86,110.76,1000.0,99.4,33.5,6.61,0.92,92.47,2.0,32.65,8.25,0.234,0.286,0.48
148,Turkmenistan,Asia,,,,,,,,52.22,48.94180073126143,12.253,26.899999999999995,4.277,7.11,,,100.0,7.400000000000001,68.19,0.715,Turkmenistan,C.W.OFIND.STATES,5042920,488100,10.3,0.0,-0.86,73.08,5800.0,98.0,74.6,3.72,0.14,96.14,1.0,27.61,8.6,0.209,0.38,0.411
149,Tonga,Oceania,157363.826,112.289,0.5078947368421053,,,,,72.39,45.68866544789763,150.028,22.3,5.82,15.42,11.8,44.4,,2.6,70.91,0.725,Tonga,OCEANIA,114689,748,153.3,56.02,0.0,12.62,2200.0,98.5,97.7,23.61,43.06,33.33,2.0,25.37,5.28,0.23,0.27,0.5
150,Tunisia,Africa,93340.254,2381.007,0.9626331360946746,,,379.013,0.4881,51.81,49.45946983546617,74.228,32.7,8.001,8.52,1.1,65.8,78.687,2.3,76.7,0.74,Tunisia,NORTHERNAFRICA,10175014,163610,62.2,0.7,-0.57,24.77,6900.0,74.2,123.6,17.86,13.74,68.4,3.0,15.52,5.13,0.132,0.318,0.55
151,Turkey,Asia,199255.078,1188.394,0.8519627085377821,,,1924.668,0.2334,62.31,42.20237659963437,104.914,31.600000000000005,8.153,12.13,14.1,41.1,,2.81,77.69,0.82,Turkey,NEAREAST,70413958,780580,90.2,0.92,0.0,41.04,6700.0,86.5,269.5,30.93,3.31,65.76,3.0,16.62,5.97,0.117,0.298,0.585
152,Tuvalu,Oceania,245169.828,,0.28706896551724137,,,,,83.86,,373.067,,,27.25,,,,,67.57,,Tuvalu,OCEANIA,11810,26,454.2,92.31,0.0,20.03,1100.0,,59.3,0.0,0.0,100.0,2.0,22.18,7.11,0.166,0.272,0.562
153,Taiwan,Asia,,,0.9938039215686274,,,545.749,0.8394,86.94,30.159500462534687,,42.2,,,,,,,80.46,,Taiwan,ASIA(EX.NEAREAST),23036087,35980,640.3,4.35,0.0,6.4,23400.0,96.1,591.0,24.0,1.0,75.0,2.0,12.56,6.48,0.018,0.259,0.723
154,Tanzania,Africa,657.702,12.916,0.16175757575757574,,,7.168,0.1191,49.11,14.983500914076783,64.699,17.7,3.108,5.75,3.3,26.7,47.953,0.7,65.46,0.529,Tanzania,SUB-SAHARANAFRICA,37445392,945087,39.6,0.15,-2.06,98.54,600.0,78.2,4.0,4.52,1.08,94.4,,37.71,16.39,0.432,0.172,0.396
155,Uganda,Africa,3614.317,76.868,0.8094644696189496,,,59.955,0.9704,27.6,53.86269652650823,213.759,16.4,2.168,2.5,3.4,16.7,21.222,0.5,63.37,0.544,Uganda,SUB-SAHARANAFRICA,28195754,236040,119.5,0.0,0.0,67.83,1400.0,69.9,3.6,25.88,10.65,63.47,2.0,47.35,12.24,0.311,0.222,0.469
156,Ukraine,Europe,139944.23,2830.959,0.9738696939782823,,,443.101,0.6027,38.17,41.57124314442413,77.39,41.4,16.462,7.11,13.5,47.4,,8.8,72.06,0.779,Ukraine,C.W.OFIND.STATES,46710816,603700,77.4,0.46,-0.39,20.34,5400.0,99.7,259.9,56.21,1.61,42.18,3.0,8.82,14.39,0.187,0.452,0.361
157,Uruguay,South America,303486.974,2230.34,1.0149901768172889,,,1776.525,0.41,84.8,37.5313802559415,19.751,35.6,14.655,6.93,14.0,19.9,,2.8,77.91,0.817,Uruguay,LATINAMER.&CARIB,3431932,176220,19.5,0.37,-0.32,11.95,12800.0,98.0,291.4,7.43,0.23,92.34,3.0,13.91,9.05,0.093,0.311,0.596
158,Uzbekistan,Asia,7325.418,47.274,1.0362475247524752,,,,,52.41,38.73373857404022,76.134,28.200000000000003,4.469,7.57,1.3,24.7,,4.0,71.72,0.72,Uzbekistan,C.W.OFIND.STATES,27307134,447400,61.0,0.0,-1.72,71.1,1700.0,99.3,62.9,10.83,0.83,88.34,1.0,26.36,7.84,0.342,0.229,0.43
159,Venezuela,South America,19528.686,206.913,1.0532015810276678,,,,,52.88,55.30235831809872,36.253,29.0,6.614,6.47,,,,0.8,72.06,0.711,Venezuela,LATINAMER.&CARIB,25730435,912050,28.2,0.31,-0.04,22.2,4800.0,93.4,140.1,2.95,0.92,96.13,2.0,18.71,4.92,0.04,0.419,0.541
160,Vietnam,Asia,118295.376,440.039,0.9429232283464567,,,880.538,0.9958,87.54,54.78276965265082,308.127,32.6,7.15,6.0,1.0,45.9,85.847,2.6,75.4,0.704,Vietnam,ASIA(EX.NEAREAST),84402966,329560,256.1,1.05,-0.45,25.95,2500.0,90.3,187.7,19.97,5.95,74.08,2.0,16.86,6.22,0.209,0.41,0.381
161,Vanuatu,Oceania,36784.149,42.847,0.6248993288590604,,,37.567,0.0132,49.66,29.298948811700182,22.662,23.1,4.394,12.02,2.8,34.5,25.209,,70.47,0.609,Vanuatu,OCEANIA,208869,12200,17.1,20.72,0.0,55.16,2900.0,53.0,32.6,2.46,7.38,90.16,2.0,22.72,7.82,0.26,0.12,0.62
162,Samoa,Oceania,75286.659,139.395,0.5865277777777778,,,,,80.02,,69.413,22.0,5.606,9.21,16.7,38.1,,,73.32,0.715,Samoa,OCEANIA,176908,2944,60.1,13.69,-11.7,27.71,5600.0,99.7,75.2,21.2,24.38,54.42,2.0,16.43,6.62,0.114,0.584,0.302
163,Yemen,Asia,354.487,64.072,0.7014241164241164,,,10.216,0.0289,2.34,25.49569469835466,53.508,20.3,2.922,5.35,7.6,29.2,49.542,0.7,66.12,0.47,Yemen,NEAREAST,21456188,527970,40.6,0.36,0.0,61.5,800.0,50.2,37.2,2.78,0.24,96.98,1.0,42.89,8.3,0.135,0.472,0.393
164,Zambia,Africa,17184.567,202.721,0.9299692937563971,,,180.456,0.3203,46.03,31.849652650822673,22.995,17.7,2.48,3.94,3.1,24.7,13.938,2.0,63.89,0.584,Zambia,SUB-SAHARANAFRICA,11502010,752614,15.3,0.0,0.0,88.29,800.0,80.6,8.2,7.08,0.03,92.9,2.0,41.0,19.93,0.22,0.29,0.489
165,Zimbabwe,Africa,16245.726,348.947,0.9776736842105263,,,148.804,0.4415,29.11,58.37132541133455,42.729,19.6,2.822,1.82,1.6,30.7,36.791,1.7000000000000002,61.49,0.571,Zimbabwe,SUB-SAHARANAFRICA,12236805,390580,31.3,0.0,0.0,67.69,1900.0,90.7,26.8,8.32,0.34,91.34,2.0,28.01,21.84,0.179,0.243,0.579
