,is_canceled,lead_time,is_repeated_guest,previous_cancellations,previous_bookings_not_canceled,booking_changes,stays_in_weekend_nights,stays_in_week_nights,adults,children,babies,adr,required_car_parking_spaces,Country,Region,Population,Area(sq.mi.),Pop.Density(persq.mi.),Coastline(coast/arearatio),Netmigration,Infantmortality(per1000births),GDP($percapita),Literacy(%),Phones(per1000),Arable(%),Crops(%),Other(%),Climate,Birthrate,Deathrate,Agriculture,Industry,Service
0,0.0,126.0,0.0,0.0,0.0,0.0,1.0,2.5,2.5,0.0,0.0,128.34,0.0,Aruba,LATINAMER.&CARIB,71891,193,372.5,35.49,0.0,5.89,28000.0,97.0,516.1,10.53,0.0,89.47,2.0,11.03,6.68,0.004,0.333,0.663
1,0.5662983425414365,23.096685082872927,0.049723756906077346,0.03867403314917127,0.08839779005524862,0.3784530386740331,2.2845303867403315,5.831491712707182,1.574585635359116,0.212707182320442,0.013812154696132596,117.12292817679558,0.03038674033149171,Angola,SUB-SAHARANAFRICA,12127071,1246700,9.7,0.13,0.0,191.19,1900.0,42.0,7.8,2.41,0.24,97.35,,45.11,24.2,0.096,0.658,0.246
2,0.0,0.0,0.0,0.0,0.0,0.0,2.0,2.0,2.0,2.0,0.0,265.0,0.0,Anguilla,LATINAMER.&CARIB,13477,102,132.1,59.8,10.76,21.03,8600.0,95.0,460.0,0.0,0.0,100.0,2.0,14.17,5.34,0.04,0.18,0.78
3,0.16666666666666666,103.41666666666667,0.0,0.0,0.0,0.25,1.0,2.3333333333333335,1.75,0.0,0.08333333333333333,84.35333333333334,0.0,Albania,EASTERNEUROPE,3581655,28748,124.6,1.26,-4.93,21.52,4500.0,86.5,71.2,21.09,4.42,74.49,3.0,15.11,5.22,0.232,0.188,0.579
4,0.7142857142857143,47.0,0.0,0.0,0.0,0.14285714285714285,1.2857142857142858,3.142857142857143,2.142857142857143,0.5714285714285714,0.0,202.65285714285713,0.2857142857142857,Andorra,WESTERNEUROPE,71201,468,152.1,0.0,6.6,4.05,19000.0,100.0,497.2,2.22,0.0,97.78,3.0,8.71,6.25,,,0.56
5,0.2523364485981308,66.84579439252336,0.004672897196261682,0.0,0.004672897196261682,0.19626168224299065,0.8644859813084113,2.2663551401869158,2.0093457943925235,0.14018691588785046,0.004672897196261682,117.76158878504673,0.13551401869158877,Argentina,LATINAMER.&CARIB,39921833,2766890,14.4,0.18,0.61,15.18,11200.0,97.1,220.4,12.31,0.48,87.21,3.0,16.73,7.55,0.095,0.358,0.547
6,0.25,56.625,0.0,0.0,0.0,0.125,1.125,2.25,1.875,0.375,0.0,99.9875,0.0,Armenia,C.W.OFIND.STATES,2976372,29800,99.9,0.0,-6.47,23.28,3500.0,98.6,195.7,17.55,2.3,80.15,4.0,12.07,8.23,0.239,0.343,0.418
7,0.2511737089201878,125.36854460093896,0.004694835680751174,0.0,0.002347417840375587,0.2605633802816901,0.8145539906103286,2.1502347417840375,1.9248826291079812,0.09859154929577464,0.002347417840375587,116.77525821596245,0.04460093896713615,Australia,OCEANIA,20264082,7686850,2.6,0.34,3.98,4.69,29000.0,100.0,565.5,6.55,0.04,93.41,1.0,12.14,7.51,0.038,0.262,0.7
8,0.18210609659540775,117.7403008709422,0.00870942201108472,0.00870942201108472,0.0166270783847981,0.3832145684877276,0.9049881235154394,2.7695961995249405,1.9105304829770389,0.08471892319873317,0.0,106.23958036421219,0.06175771971496437,Austria,WESTERNEUROPE,8192880,83870,97.7,0.0,2.0,4.66,30000.0,98.0,452.2,16.91,0.86,82.23,3.0,8.74,9.76,0.018,0.304,0.678
9,0.5294117647058824,70.17647058823529,0.0,0.0,0.0,0.4117647058823529,1.3529411764705883,2.823529411764706,2.0588235294117645,0.47058823529411764,0.0,114.35588235294118,0.0,Azerbaijan,C.W.OFIND.STATES,7961619,86600,91.9,0.0,-4.9,81.74,3400.0,97.0,137.1,19.63,2.71,77.66,1.0,20.74,9.75,0.141,0.457,0.402
10,0.0,26.0,0.0,0.0,0.0,0.0,0.0,2.0,2.0,0.0,0.0,46.0,0.0,Burundi,SUB-SAHARANAFRICA,8090068,27830,290.7,0.0,-0.06,69.29,600.0,51.6,3.4,35.05,14.02,50.93,2.0,42.22,13.46,0.463,0.203,0.334
11,0.20239111870196413,99.66737830913749,0.007258753202391118,0.08454312553373185,0.010247651579846286,0.215200683176772,1.0486763450042698,2.6366353543979506,1.9590093936806148,0.1327924850555081,0.005123825789923143,113.84778394534587,0.056789069171648165,Belgium,WESTERNEUROPE,10379067,30528,340.0,0.22,1.23,4.68,29100.0,98.0,462.6,23.28,0.4,76.32,3.0,10.38,10.27,0.01,0.24,0.749
12,1.0,274.0,0.0,0.0,0.0,0.0,0.3333333333333333,2.0,2.0,0.0,0.0,123.2,0.0,Benin,SUB-SAHARANAFRICA,7862944,112620,69.8,0.11,0.0,85.0,1100.0,40.9,9.7,18.08,2.4,79.52,2.0,38.85,12.22,0.316,0.138,0.546
13,0.75,28.083333333333332,0.0,0.0,0.0,0.0,1.3333333333333333,2.5,2.3333333333333335,0.25,0.0,149.8025,0.0,Bangladesh,ASIA(EX.NEAREAST),147365352,144000,1023.4,0.4,-0.71,62.6,1900.0,43.1,7.3,62.11,3.07,34.82,2.0,29.8,8.27,0.199,0.198,0.603
14,0.16,73.25333333333333,0.0,0.0,0.0,0.3466666666666667,1.0,2.506666666666667,1.8133333333333332,0.13333333333333333,0.0,111.89333333333333,0.04,Bulgaria,EASTERNEUROPE,7385367,110910,66.6,0.32,-4.58,20.55,7600.0,98.6,336.3,40.02,1.92,58.06,3.0,9.65,14.27,0.093,0.304,0.603
15,0.8,173.8,0.0,0.0,0.0,0.8,0.8,2.4,1.8,0.6,0.0,145.32999999999998,0.0,Bahrain,NEAREAST,698585,665,1050.5,24.21,1.05,17.27,16900.0,89.1,281.3,2.82,5.63,91.55,1.0,17.8,4.14,0.005,0.387,0.608
16,0.34615384615384615,78.42307692307692,0.0,0.0,0.0,0.23076923076923078,1.0384615384615385,3.1153846153846154,1.5769230769230769,0.038461538461538464,0.0,103.31884615384615,0.038461538461538464,Belarus,C.W.OFIND.STATES,10293011,207600,49.6,0.0,2.54,13.37,6100.0,99.6,319.1,29.55,0.6,69.85,4.0,11.16,14.02,0.093,0.316,0.591
17,0.0,17.1,0.0,0.0,0.0,0.2,1.0,2.0,1.8,0.0,0.0,115.0,0.0,Bolivia,LATINAMER.&CARIB,8989046,1098580,8.2,0.0,-1.32,53.11,2400.0,87.2,71.9,2.67,0.19,97.14,1.5,23.3,7.53,0.128,0.352,0.52
18,0.3732014388489209,83.29001798561151,0.006294964028776978,0.01079136690647482,0.011241007194244604,0.2648381294964029,1.0260791366906474,2.4626798561151078,2.0008992805755397,0.1767086330935252,0.01079136690647482,111.00533723021583,0.0625,Brazil,LATINAMER.&CARIB,188078227,8511965,22.1,0.09,-0.03,29.61,7600.0,86.4,225.3,6.96,0.9,92.15,2.0,16.56,6.17,0.084,0.4,0.516
19,0.0,192.0,0.0,0.0,0.0,0.0,0.0,2.0,1.0,0.0,0.0,95.0,0.0,Barbados,LATINAMER.&CARIB,279912,431,649.5,22.51,-0.31,12.5,15700.0,97.4,481.9,37.21,2.33,60.46,2.0,12.71,8.67,0.06,0.16,0.78
20,0.0,91.0,0.0,0.0,0.0,3.0,1.0,2.0,2.0,1.0,0.0,118.5,0.0,Botswana,SUB-SAHARANAFRICA,1639833,600370,2.7,0.0,0.0,54.58,9000.0,79.8,80.5,0.65,0.01,99.34,1.0,23.08,29.5,0.024,0.469,0.507
21,0.24739884393063583,91.07167630057803,0.0017341040462427746,0.0,0.0005780346820809249,0.2300578034682081,1.0242774566473989,2.608092485549133,1.93757225433526,0.16473988439306358,0.005202312138728324,121.83013294797688,0.06994219653179191,Switzerland,WESTERNEUROPE,7523934,41290,182.2,0.0,4.05,4.39,32700.0,99.0,680.9,10.42,0.61,88.97,3.0,9.71,8.49,0.015,0.34,0.645
22,0.24615384615384617,53.6,0.0,0.0,0.0,0.46153846153846156,1.0307692307692307,2.1846153846153844,1.9538461538461538,0.18461538461538463,0.0,118.89076923076922,0.12307692307692308,Chile,LATINAMER.&CARIB,16134219,756950,21.3,0.85,0.0,8.8,9900.0,96.2,213.0,2.65,0.42,96.93,3.0,15.23,5.81,0.06,0.493,0.447
23,0.4624624624624625,42.74374374374374,0.008008008008008008,0.0,0.006006006006006006,0.2032032032032032,0.8058058058058059,1.8388388388388388,1.88988988988989,0.13313313313313313,0.002002002002002002,110.53893893893893,0.01901901901901902,China,ASIA(EX.NEAREAST),1313973713,9596960,136.9,0.15,-0.4,24.18,5000.0,90.9,266.7,15.4,1.25,83.35,1.5,13.25,6.97,0.125,0.473,0.403
24,0.19859265050820954,118.85691946833464,0.003909304143862392,0.0,0.0023455824863174357,0.20797498045347929,1.236903831118061,2.7404222048475373,1.959343236903831,0.0985144644253323,0.007818608287724784,108.68844409695073,0.0906958561376075,China,ASIA(EX.NEAREAST),1313973713,9596960,136.9,0.15,-0.4,24.18,5000.0,90.9,266.7,15.4,1.25,83.35,1.5,13.25,6.97,0.125,0.473,0.403
25,0.0,87.1,0.0,0.0,0.0,0.4,1.4,2.8,2.0,0.1,0.0,88.327,0.0,Cameroon,SUB-SAHARANAFRICA,17340702,475440,36.5,0.08,0.0,68.26,1800.0,79.0,5.7,12.81,2.58,84.61,1.5,33.89,13.47,0.448,0.17,0.382
26,0.323943661971831,62.478873239436616,0.0,0.0,0.014084507042253521,0.28169014084507044,0.7887323943661971,1.7746478873239437,2.084507042253521,0.07042253521126761,0.014084507042253521,121.19802816901408,0.07042253521126761,Colombia,LATINAMER.&CARIB,43593035,1138910,38.3,0.28,-0.31,20.97,6300.0,92.5,176.2,2.42,1.67,95.91,2.0,20.48,5.58,0.125,0.342,0.533
27,0.0,22.5,0.0,0.0,0.0,0.0,0.5,0.5,2.0,1.5,0.0,165.305,0.0,Comoros,SUB-SAHARANAFRICA,690948,2170,318.4,15.67,0.0,74.93,700.0,56.5,24.5,35.87,23.32,40.81,2.0,36.93,8.2,0.4,0.04,0.56
28,0.0,13.5,0.0,0.0,0.0,0.5,0.875,1.75,1.625,0.0,0.125,99.36625,0.0,Cuba,LATINAMER.&CARIB,11382820,110860,102.7,3.37,-1.58,6.33,2900.0,97.0,74.7,33.05,7.6,59.35,2.0,11.89,7.22,0.055,0.261,0.684
29,0.21568627450980393,77.33333333333333,0.0,0.0,0.0196078431372549,0.5098039215686274,1.1176470588235294,2.3137254901960786,1.5490196078431373,0.0784313725490196,0.0,98.62627450980392,0.0196078431372549,Cyprus,NEAREAST,784301,9250,84.8,7.01,0.43,7.18,19200.0,97.6,236.0606195,7.79,4.44,87.77,3.0,12.56,7.68,0.037,0.198,0.765
30,0.16714697406340057,137.36764100452862,0.0034307671195279266,0.0017839989021545218,0.005763688760806916,0.2278029367366543,0.9790037052284891,2.5597639632221765,1.880472073555647,0.06545903664059284,0.002470152326060107,104.39675586661178,0.033347056401811445,Germany,WESTERNEUROPE,82422299,357021,230.9,0.67,2.18,4.16,27600.0,99.0,667.9,33.85,0.59,65.56,3.0,8.25,10.62,0.009,0.296,0.695
31,0.0,0.0,0.0,0.0,0.0,0.0,0.0,1.0,2.0,2.0,0.0,273.0,0.0,Djibouti,SUB-SAHARANAFRICA,486530,23000,21.2,1.37,0.0,104.13,1300.0,67.9,22.8,0.04,0.0,99.96,1.0,39.53,19.31,0.179,0.225,0.596
32,0.0,124.0,0.0,0.0,0.0,0.0,1.0,3.0,2.0,0.0,0.0,105.3,0.0,Dominica,LATINAMER.&CARIB,68910,754,91.4,19.63,-13.87,14.15,5400.0,94.0,304.8,6.67,20.0,73.33,2.0,15.27,6.73,0.177,0.328,0.495
33,0.25057471264367814,113.13103448275862,0.0022988505747126436,0.0,0.0022988505747126436,0.271264367816092,1.0482758620689656,2.9655172413793105,1.9333333333333333,0.21149425287356322,0.009195402298850575,117.58280459770114,0.041379310344827586,Denmark,WESTERNEUROPE,5450661,43094,126.5,16.97,2.48,4.56,31100.0,100.0,614.6,54.02,0.19,45.79,3.0,11.13,10.36,0.018,0.246,0.735
34,0.20388349514563106,36.66990291262136,0.019417475728155338,0.009708737864077669,0.06796116504854369,0.27184466019417475,1.1262135922330097,2.9611650485436893,1.6310679611650485,0.10679611650485436,0.0,112.53611650485436,0.019417475728155338,Algeria,NORTHERNAFRICA,32930091,2381740,13.8,0.04,-0.39,31.0,6000.0,70.0,78.1,3.22,0.25,96.53,1.0,17.14,4.61,0.101,0.6,0.298
35,0.2962962962962963,28.703703703703702,0.0,0.0,0.0,0.037037037037037035,0.9259259259259259,2.4814814814814814,1.8888888888888888,0.2222222222222222,0.0,129.0511111111111,0.07407407407407407,Ecuador,LATINAMER.&CARIB,13547510,283560,47.8,0.79,-8.58,23.66,3300.0,92.5,125.6,5.85,4.93,89.22,2.0,22.29,4.23,0.07,0.312,0.618
36,0.34375,68.65625,0.0,0.0,0.0,1.125,1.4375,2.8125,1.53125,0.1875,0.0,117.6609375,0.0,Egypt,NORTHERNAFRICA,78887007,1001450,78.8,0.24,-0.22,32.59,4000.0,57.7,131.8,2.87,0.48,96.65,1.0,22.94,5.23,0.149,0.357,0.493
37,0.2540849673202614,54.851540616246496,0.01050420168067227,0.007119514472455649,0.01657329598506069,0.2407796451914099,0.8293650793650794,2.246965452847806,1.9391923436041083,0.16479925303454715,0.014705882352941176,116.99546335200748,0.1395891690009337,Spain,WESTERNEUROPE,40397842,504782,80.0,0.98,0.99,4.42,22000.0,97.9,453.5,26.07,9.87,64.06,3.0,10.06,9.72,0.04,0.295,0.665
38,0.21686746987951808,98.89156626506023,0.0,0.0,0.0,0.21686746987951808,1.2409638554216869,3.4578313253012047,1.9156626506024097,0.18072289156626506,0.012048192771084338,114.06939759036145,0.0963855421686747,Estonia,BALTICS,1324333,45226,29.3,8.39,-3.16,7.87,12300.0,99.8,333.8,16.04,0.45,83.51,3.0,10.04,13.25,0.04,0.294,0.666
39,0.3333333333333333,32.666666666666664,0.0,0.0,0.0,0.0,1.3333333333333333,3.3333333333333335,2.0,0.0,0.0,101.25999999999999,0.0,Ethiopia,SUB-SAHARANAFRICA,74777981,1127127,66.3,0.0,0.0,95.32,700.0,42.7,8.2,10.71,0.75,88.54,2.0,37.98,14.86,0.475,0.099,0.426
40,0.15436241610738255,67.21252796420582,0.0044742729306487695,0.0022371364653243847,0.0044742729306487695,0.2505592841163311,1.1901565995525727,2.9507829977628637,1.854586129753915,0.17002237136465326,0.015659955257270694,104.03263982102908,0.0738255033557047,Finland,WESTERNEUROPE,5231372,338145,15.5,0.37,0.95,3.57,27400.0,100.0,405.3,7.19,0.03,92.78,3.0,10.45,9.86,0.028,0.295,0.676
41,1.0,322.0,0.0,0.0,0.0,0.0,0.0,3.0,2.0,2.0,0.0,135.33,0.0,Fiji,OCEANIA,905949,18270,49.6,6.18,-3.14,12.62,5800.0,93.7,112.6,10.95,4.65,84.4,2.0,22.55,5.65,0.089,0.135,0.776
42,0.185693710993759,82.32213154104657,0.007489198271723476,0.0061449831973115696,0.020931349015842534,0.21805088814210274,0.9726356216994719,2.5364378300528085,1.9482477196351415,0.11627460393662986,0.007393182909265482,109.61727604416706,0.055400864138262125,France,WESTERNEUROPE,60876136,547030,111.3,0.63,0.66,4.26,27600.0,99.0,586.4,33.53,2.07,64.4,4.0,11.99,9.14,0.022,0.214,0.764
43,0.5,47.25,0.0,0.0,0.0,0.0,0.5,2.0,1.5,0.25,0.0,143.375,0.0,Gabon,SUB-SAHARANAFRICA,1424906,267667,5.3,0.33,0.0,53.64,5500.0,63.2,27.4,1.26,0.66,98.08,2.0,36.16,12.25,0.061,0.592,0.348
44,0.6818181818181818,97.68181818181819,0.0,0.0,0.0,0.2727272727272727,1.6818181818181819,3.590909090909091,1.9545454545454546,0.18181818181818182,0.0,169.01590909090908,0.0,Georgia,C.W.OFIND.STATES,4661473,69700,66.9,0.44,-4.7,18.59,2500.0,99.0,146.6,11.44,3.86,84.7,3.0,10.41,9.23,0.172,0.275,0.553
45,1.0,31.333333333333332,0.0,0.0,0.0,0.0,1.3333333333333333,1.0,1.6666666666666667,0.0,0.0,100.26666666666667,0.0,Guernsey,WESTERNEUROPE,65409,78,838.6,64.1,3.84,4.71,20000.0,82.0,842.4,,,,3.0,8.81,10.01,0.03,0.1,0.87
46,0.5,42.25,0.0,0.0,0.0,0.25,1.75,4.0,2.0,0.0,0.0,126.45,0.0,Ghana,SUB-SAHARANAFRICA,22409572,239460,93.6,0.23,-0.64,51.43,2200.0,74.8,14.4,16.26,9.67,74.07,2.0,30.52,9.72,0.366,0.246,0.387
47,0.6111111111111112,117.27777777777777,0.0,0.0,0.0,0.3888888888888889,0.8333333333333334,2.3333333333333335,2.0555555555555554,0.16666666666666666,0.05555555555555555,150.4022222222222,0.05555555555555555,Gibraltar,WESTERNEUROPE,27928,7,3989.7,171.43,0.0,5.13,17500.0,82.0,877.7,0.0,0.0,100.0,,10.74,9.31,,,0.56
48,1.0,103.0,0.0,0.0,0.0,0.0,1.0,2.0,3.0,0.0,0.0,140.0,0.0,Guadeloupe,LATINAMER.&CARIB,452776,1780,254.4,17.19,-0.15,8.6,8000.0,90.0,463.8,11.24,3.55,85.21,2.0,15.05,6.09,0.15,0.17,0.68
49,0.1111111111111111,40.888888888888886,0.0,0.0,0.0,1.3333333333333333,2.2222222222222223,4.888888888888889,1.2222222222222223,0.0,0.0,83.16444444444444,0.0,Guinea-Bissau,SUB-SAHARANAFRICA,1442029,36120,39.9,0.97,-1.57,107.17,800.0,42.4,7.4,10.67,8.82,80.51,2.0,37.22,16.53,0.62,0.12,0.26
50,0.2734375,69.0703125,0.03125,0.0,0.03125,0.234375,1.296875,2.796875,1.6875,0.0625,0.0078125,109.962734375,0.03125,Greece,WESTERNEUROPE,10688058,131940,81.0,10.37,2.35,5.53,20000.0,97.5,589.7,21.1,8.78,70.12,3.0,9.68,10.24,0.054,0.213,0.733
51,0.0,5.25,0.0,0.0,0.0,0.75,0.0,1.75,2.0,0.25,0.0,75.0,0.0,Guatemala,LATINAMER.&CARIB,12293545,108890,112.9,0.37,-1.67,35.93,4100.0,70.6,92.1,12.54,5.03,82.43,2.0,29.88,5.2,0.227,0.188,0.585
52,0.0,180.0,0.0,0.0,0.0,1.0,1.0,2.0,1.0,0.0,0.0,120.0,0.0,Guyana,LATINAMER.&CARIB,767245,214970,3.6,0.21,-2.07,33.26,4000.0,98.8,143.5,2.44,0.15,97.41,2.0,18.28,8.28,0.37,0.203,0.427
53,1.0,12.0,0.0,0.0,0.0,0.0,0.0,1.0,2.0,0.0,0.0,79.0,0.0,Honduras,LATINAMER.&CARIB,7326496,112090,65.4,0.73,-1.99,29.32,2600.0,76.2,67.5,9.55,3.22,87.23,2.0,28.24,5.28,0.139,0.312,0.549
54,0.25,71.12,0.0,0.0,0.0,0.22,1.05,2.85,1.84,0.16,0.0,111.02420000000001,0.06,Croatia,EASTERNEUROPE,4494749,56542,79.5,10.32,1.58,6.84,10600.0,98.5,420.4,26.09,2.27,71.65,,9.61,11.48,0.07,0.308,0.622
55,0.3347826086956522,98.2304347826087,0.0,0.0,0.0,0.30434782608695654,0.9695652173913043,2.739130434782609,1.873913043478261,0.14782608695652175,0.008695652173913044,113.17865217391305,0.06956521739130435,Hungary,EASTERNEUROPE,9981334,93030,107.3,0.0,0.86,8.57,13900.0,99.4,336.2,50.09,2.06,47.85,3.0,9.72,13.11,0.037,0.312,0.651
56,0.6857142857142857,31.2,0.0,0.0,0.0,0.17142857142857143,0.8857142857142857,2.4,1.8285714285714285,0.14285714285714285,0.0,116.6257142857143,0.02857142857142857,Indonesia,ASIA(EX.NEAREAST),245452739,1919440,127.9,2.85,0.0,35.6,3200.0,87.9,52.0,11.32,7.23,81.45,2.0,20.34,6.25,0.134,0.458,0.408
57,0.23026315789473684,48.89473684210526,0.0,0.0,0.0,0.3092105263157895,0.7631578947368421,2.348684210526316,1.894736842105263,0.29605263157894735,0.013157894736842105,113.60815789473683,0.046052631578947366,India,ASIA(EX.NEAREAST),1095351995,3287590,333.2,0.21,-0.07,56.29,2900.0,59.5,45.4,54.4,2.74,42.86,2.5,22.01,8.18,0.186,0.276,0.538
58,0.24651851851851853,120.44651851851852,0.009185185185185185,0.1831111111111111,0.011259259259259259,0.261037037037037,1.4485925925925927,3.6968888888888887,1.9466666666666668,0.09333333333333334,0.0071111111111111115,98.19217185185185,0.024888888888888887,Ireland,WESTERNEUROPE,4062235,70280,57.8,2.06,4.99,5.39,29600.0,98.0,500.5,15.2,0.03,84.77,3.0,14.45,7.82,0.05,0.46,0.49
59,0.27710843373493976,42.42168674698795,0.0,0.0,0.0,0.37349397590361444,1.0843373493975903,2.8433734939759034,1.891566265060241,0.1686746987951807,0.0,127.98867469879518,0.024096385542168676,Iran,ASIA(EX.NEAREAST),68688433,1648000,41.7,0.15,-0.84,41.58,7000.0,79.4,276.4,8.72,1.39,89.89,1.0,17.0,5.55,0.116,0.424,0.46
60,0.0,19.214285714285715,0.0,0.0,0.0,0.5714285714285714,0.8571428571428571,2.5,1.5,0.14285714285714285,0.0,106.95714285714287,0.0,Iraq,NEAREAST,26783383,437072,61.3,0.01,0.0,50.25,1500.0,40.4,38.6,13.15,0.78,86.07,1.0,31.98,5.37,0.073,0.666,0.261
61,0.07017543859649122,155.3859649122807,0.017543859649122806,0.0,0.017543859649122806,0.21052631578947367,0.43859649122807015,3.8947368421052633,1.8771929824561404,0.05263157894736842,0.0,111.5677192982456,0.03508771929824561,Iceland,WESTERNEUROPE,299388,103000,2.9,4.83,2.38,3.31,30900.0,99.9,647.7,0.07,0.0,99.93,3.0,13.64,6.72,0.086,0.15,0.765
62,0.2526158445440957,88.94768310911809,0.004484304932735426,0.0,0.025411061285500747,0.2242152466367713,0.7817638266068759,1.7922272047832586,1.9192825112107623,0.09566517189835576,0.0014947683109118087,110.69581464872945,0.03139013452914798,Israel,NEAREAST,6352117,20770,305.8,1.31,0.68,7.03,19800.0,95.4,462.3,16.39,4.17,79.44,3.0,17.97,6.18,0.026,0.317,0.657
63,0.3539564524694636,90.66489644184811,0.010621348911311737,0.0010621348911311736,0.01779075942644716,0.25570897503983003,0.9599044078597982,2.312002124269782,1.9607010090281465,0.1210833775889538,0.004248539564524694,113.94820764737122,0.033722782793414764,Italy,WESTERNEUROPE,58133509,301230,193.0,2.52,2.07,5.94,26700.0,98.6,430.9,27.79,9.53,62.68,,8.72,10.4,0.021,0.291,0.688
64,0.0,80.0,0.0,0.0,0.0,0.16666666666666666,1.0,3.5,2.0,0.3333333333333333,0.0,105.78500000000001,0.16666666666666666,Jamaica,LATINAMER.&CARIB,2758124,10991,250.9,9.3,-4.92,12.36,3900.0,87.9,124.0,16.07,10.16,73.77,2.0,20.82,6.52,0.049,0.337,0.615
65,1.0,123.875,0.0,0.0,0.0,0.25,1.125,2.375,2.125,0.25,0.0,139.25125,0.0,Jersey,WESTERNEUROPE,91084,116,785.2,60.34,2.76,5.24,24800.0,82.0,811.3,0.0,0.0,100.0,3.0,9.3,9.28,0.05,0.02,0.93
66,0.14285714285714285,82.0952380952381,0.0,0.0,0.0,0.5714285714285714,1.0952380952380953,1.9523809523809523,1.5238095238095237,0.3333333333333333,0.0,98.77619047619048,0.0,Jordan,NEAREAST,5906760,92300,64.0,0.03,6.59,17.35,4300.0,91.3,104.5,2.67,1.83,95.5,1.0,21.25,2.65,0.033,0.287,0.68
67,0.14213197969543148,55.09137055837564,0.015228426395939087,0.0,0.02030456852791878,0.18781725888324874,0.7208121827411168,2.197969543147208,1.736040609137056,0.17766497461928935,0.01015228426395939,121.24035532994922,0.030456852791878174,Japan,ASIA(EX.NEAREAST),127463611,377835,337.4,7.87,0.0,3.26,28200.0,99.0,461.2,12.19,0.96,86.85,3.0,9.37,9.16,0.017,0.258,0.725
68,0.2631578947368421,60.578947368421055,0.0,0.0,0.0,0.15789473684210525,1.1578947368421053,2.263157894736842,1.5789473684210527,0.21052631578947367,0.0,143.4921052631579,0.0,Kazakhstan,C.W.OFIND.STATES,15233244,2717300,5.6,0.0,-3.35,29.21,6300.0,98.4,164.1,7.98,0.05,91.97,4.0,16.0,9.42,0.067,0.386,0.547
69,0.3333333333333333,64.0,0.0,0.0,0.0,0.3333333333333333,1.0,2.8333333333333335,2.0,0.5,0.0,134.1966666666667,0.0,Kenya,SUB-SAHARANAFRICA,34707817,582650,59.6,0.09,-0.1,61.47,1000.0,85.1,8.1,8.08,0.98,90.94,1.5,39.72,14.02,0.163,0.188,0.651
70,1.0,30.0,0.0,0.0,0.0,0.0,0.0,4.0,2.0,0.0,0.0,99.0,0.0,Cambodia,ASIA(EX.NEAREAST),13881427,181040,76.7,0.24,0.0,71.48,1900.0,69.4,2.6,20.96,0.61,78.43,2.0,26.9,9.06,0.35,0.3,0.35
71,0.0,34.0,0.0,0.0,0.0,0.0,1.0,3.0,1.0,0.0,0.0,108.0,0.0,Kiribati,OCEANIA,105432,811,130.0,140.94,0.0,48.52,800.0,82.0,42.7,2.74,50.68,46.58,2.0,30.65,8.26,0.089,0.242,0.668
72,0.375,50.375,0.0,0.0,0.0,0.125,1.0,2.375,2.125,0.0,0.0,131.32875,0.125,Kuwait,NEAREAST,2418393,17820,135.7,2.8,14.18,9.95,19000.0,83.5,211.0,0.73,0.11,99.16,1.0,21.94,2.41,0.004,0.479,0.516
73,0.0,2.5,0.0,0.0,0.0,0.0,0.0,2.5,2.0,0.0,0.0,181.66500000000002,0.0,Laos,ASIA(EX.NEAREAST),6368481,236800,26.9,0.0,0.0,85.22,1700.0,66.4,14.1,3.8,0.35,95.85,2.0,35.49,11.55,0.455,0.287,0.258
74,0.2903225806451613,47.16129032258065,0.03225806451612903,0.0,0.0,0.3870967741935484,0.7096774193548387,2.0,1.7741935483870968,0.0967741935483871,0.0,132.2874193548387,0.0,Lebanon,NEAREAST,3874050,10400,372.5,2.16,0.0,24.52,4800.0,87.4,255.6,16.62,13.98,69.4,,18.52,6.21,0.12,0.21,0.67
75,0.0,49.625,0.0,0.0,0.0,0.5,0.75,1.25,1.125,0.125,0.0,92.75,0.0,Libya,NORTHERNAFRICA,5900754,1759540,3.4,0.1,0.0,24.6,6400.0,82.6,127.1,1.03,0.19,98.78,,26.49,3.48,0.076,0.499,0.425
76,0.3333333333333333,20.0,0.0,0.0,0.0,0.0,0.6666666666666666,2.3333333333333335,2.0,0.0,0.0,102.26666666666667,0.0,Liechtenstein,WESTERNEUROPE,33987,160,212.4,0.0,4.85,4.7,25000.0,100.0,585.5,25.0,0.0,75.0,4.0,10.21,7.18,0.06,0.39,0.55
77,0.08641975308641975,94.93827160493827,0.0,0.0,0.0,0.25925925925925924,1.2222222222222223,3.45679012345679,1.8641975308641976,0.08641975308641975,0.0,100.27345679012345,0.12345679012345678,Lithuania,BALTICS,3585906,65200,55.0,0.14,-0.71,6.89,11400.0,99.6,223.4,45.22,0.91,53.87,,8.75,10.98,0.055,0.325,0.62
78,0.3797909407665505,97.70731707317073,0.013937282229965157,0.0,0.0627177700348432,0.1951219512195122,1.1254355400696865,2.602787456445993,1.9337979094076656,0.2229965156794425,0.003484320557491289,132.39337979094077,0.08013937282229965,Luxembourg,WESTERNEUROPE,474413,2586,183.5,0.0,8.97,4.81,55100.0,100.0,515.4,23.28,0.4,76.32,,11.94,8.41,0.01,0.13,0.86
79,0.16363636363636364,93.2,0.0,0.0,0.0,0.21818181818181817,1.2,3.327272727272727,1.9090909090909092,0.12727272727272726,0.0,96.00254545454546,0.09090909090909091,Latvia,BALTICS,2274735,64589,35.2,0.82,-2.23,9.55,10200.0,99.8,321.4,29.67,0.47,69.86,3.0,9.24,13.66,0.04,0.261,0.699
80,0.9375,64.5,0.0,0.0,0.0,0.3125,1.375,1.875,1.6875,0.0,0.0,101.17375,0.0,Macau,ASIA(EX.NEAREAST),453125,28,16183.0,146.43,4.86,4.39,19400.0,94.5,384.9,0.0,0.0,100.0,2.0,8.48,4.47,0.001,0.072,0.927
81,0.42084942084942084,52.034749034749034,0.007722007722007722,0.0,0.0,0.3166023166023166,1.135135135135135,2.8725868725868726,1.8416988416988418,0.3474903474903475,0.02702702702702703,134.39552123552124,0.08108108108108109,Morocco,NORTHERNAFRICA,33241259,446550,74.4,0.41,-0.98,41.62,4000.0,51.7,40.4,19.61,2.17,78.22,,21.98,5.58,0.217,0.357,0.426
82,0.25,36.25,0.0,0.0,0.0,0.0,0.5,2.25,2.0,0.0,0.0,85.74,0.0,Monaco,WESTERNEUROPE,32543,2,16271.5,205.0,7.75,5.43,27000.0,99.0,1035.6,0.0,0.0,100.0,,9.19,12.91,0.17,,0.56
83,0.0,0.0,0.0,0.0,0.0,0.0,1.0,0.0,2.0,0.0,0.0,44.0,0.0,Madagascar,SUB-SAHARANAFRICA,18595469,587040,31.7,0.82,0.0,76.83,800.0,68.9,3.6,5.07,1.03,93.91,2.0,41.41,11.11,0.276,0.165,0.559
84,0.75,73.75,0.0,0.0,0.0,0.3333333333333333,1.25,2.6666666666666665,1.8333333333333333,0.3333333333333333,0.0,124.11666666666667,0.0,Maldives,ASIA(EX.NEAREAST),359008,300,1196.7,214.67,0.0,56.52,3900.0,97.2,90.0,13.33,16.67,70.0,2.0,34.81,7.06,0.2,0.18,0.62
85,0.11764705882352941,47.90588235294118,0.0,0.0,0.0,0.27058823529411763,0.788235294117647,1.776470588235294,1.7647058823529411,0.11764705882352941,0.0,115.9189411764706,0.011764705882352941,Mexico,LATINAMER.&CARIB,107449525,1972550,54.5,0.47,-4.87,20.91,9000.0,92.2,181.6,12.99,1.31,85.7,1.5,20.69,4.74,0.038,0.259,0.702
86,0.0,0.0,0.0,0.0,0.0,0.0,0.0,1.0,2.0,0.0,0.0,89.0,0.0,Mali,SUB-SAHARANAFRICA,11716829,1240000,9.5,0.0,-0.33,116.79,900.0,46.4,6.4,3.82,0.03,96.15,2.0,49.82,16.89,0.45,0.17,0.38
87,0.2777777777777778,102.77777777777777,0.0,0.0,0.0,0.16666666666666666,1.0,2.5555555555555554,1.7777777777777777,0.05555555555555555,0.0,102.79055555555556,0.1111111111111111,Malta,WESTERNEUROPE,400214,316,1266.5,62.28,2.07,3.89,17700.0,92.8,505.0,28.13,3.13,68.74,,10.22,8.1,0.03,0.23,0.74
88,0.2835820895522388,94.77611940298507,0.014925373134328358,0.0,0.0,0.6268656716417911,1.2238805970149254,2.8507462686567164,1.8059701492537314,0.05970149253731343,0.0,112.18656716417911,0.014925373134328358,Mozambique,SUB-SAHARANAFRICA,19686505,801590,24.6,0.31,0.0,130.79,1200.0,47.8,3.5,5.1,0.3,94.6,2.0,35.18,21.35,0.262,0.348,0.39
89,0.0,148.0,0.0,0.0,0.0,0.0,2.0,4.0,2.0,0.0,0.0,97.65,0.0,Mauritania,SUB-SAHARANAFRICA,3177388,1030700,3.1,0.07,0.0,70.89,1800.0,41.7,12.9,0.48,0.01,99.51,1.0,40.99,12.16,0.25,0.29,0.46
90,0.14285714285714285,43.0,0.0,0.0,0.0,0.14285714285714285,0.42857142857142855,2.857142857142857,1.7142857142857142,0.14285714285714285,0.0,96.22428571428573,0.0,Mauritius,SUB-SAHARANAFRICA,1240827,2040,608.3,8.68,-0.9,15.03,11400.0,85.6,289.3,49.26,2.96,47.78,2.0,15.43,6.86,0.059,0.298,0.643
91,0.0,1.0,0.0,0.0,0.0,0.0,0.5,1.0,2.0,0.0,0.0,83.0,1.0,Malawi,SUB-SAHARANAFRICA,13013926,118480,109.8,0.0,0.0,103.32,600.0,62.7,7.9,23.38,1.49,75.13,2.0,43.13,19.33,0.342,0.158,0.499
92,0.10714285714285714,76.32142857142857,0.0,0.0,0.0,0.75,0.9285714285714286,2.142857142857143,1.8571428571428572,0.17857142857142858,0.0,83.49571428571429,0.0,Malaysia,ASIA(EX.NEAREAST),24385858,329750,74.0,1.42,0.0,17.7,9000.0,88.7,179.0,5.48,17.61,76.91,2.0,22.86,5.05,0.084,0.48,0.436
93,1.0,208.0,0.0,0.0,0.0,0.0,2.0,1.5,2.0,1.0,0.0,177.75,0.0,Mayotte,SUB-SAHARANAFRICA,201234,374,538.1,49.52,6.78,62.4,2600.0,82.0,49.7,,,,2.0,40.95,7.7,,,0.56
94,0.0,44.0,0.0,0.0,0.0,0.0,2.0,2.0,2.0,0.0,0.0,121.61,0.0,Namibia,SUB-SAHARANAFRICA,2044147,825418,2.5,0.19,0.0,48.98,7200.0,84.0,62.6,0.99,0.0,99.01,1.0,24.32,18.86,0.097,0.315,0.588
95,0.6176470588235294,30.441176470588236,0.029411764705882353,0.0,0.0,0.17647058823529413,1.2352941176470589,3.2058823529411766,1.7058823529411764,0.2647058823529412,0.08823529411764706,115.12617647058823,0.0,Nigeria,SUB-SAHARANAFRICA,131859731,923768,142.7,0.09,0.26,98.8,900.0,68.0,9.3,31.29,2.96,65.75,1.5,40.43,16.94,0.269,0.487,0.244
96,1.0,21.0,0.0,0.0,0.0,2.0,0.0,3.0,2.0,1.0,0.0,139.0,0.0,Nicaragua,LATINAMER.&CARIB,5570129,129494,43.0,0.7,-1.22,29.11,2300.0,67.5,39.7,15.94,1.94,82.12,2.0,24.51,4.45,0.165,0.275,0.56
97,0.18393536121673004,80.57699619771863,0.009505703422053232,0.0,0.013307984790874524,0.2889733840304182,1.0104562737642586,2.668250950570342,1.8740494296577948,0.13307984790874525,0.004752851711026616,108.08548003802282,0.08602661596958175,Netherlands,WESTERNEUROPE,16491461,41526,397.1,1.09,2.91,5.04,28600.0,99.0,460.8,26.71,0.97,72.32,3.0,10.9,8.68,0.021,0.244,0.736
98,0.2981878088962109,122.74135090609555,0.0032948929159802307,0.0,0.0032948929159802307,0.34925864909390447,1.0955518945634266,3.238879736408567,1.9538714991762767,0.22075782537067545,0.004942339373970346,121.63301482701813,0.02471169686985173,Norway,WESTERNEUROPE,4610820,323802,14.2,7.77,1.74,3.7,37800.0,100.0,461.7,2.87,0.0,97.13,3.0,11.46,9.4,0.021,0.415,0.564
99,0.0,3.0,0.0,0.0,0.0,0.0,2.0,1.0,2.0,0.0,0.0,85.0,0.0,Nepal,ASIA(EX.NEAREAST),28287147,147181,192.2,0.0,0.0,66.98,1400.0,45.2,15.9,21.68,0.64,77.68,,30.98,9.31,0.38,0.21,0.41
100,0.2222222222222222,78.33333333333333,0.0,0.0,0.0,0.2222222222222222,1.5,3.0555555555555554,1.8333333333333333,0.4444444444444444,0.0,99.22666666666666,0.16666666666666666,Oman,NEAREAST,3102229,212460,14.6,0.98,0.28,19.51,13100.0,75.8,85.5,0.0,0.14,99.74,1.0,36.24,3.81,0.027,0.39,0.583
101,0.6428571428571429,41.785714285714285,0.0,0.0,0.0,0.07142857142857142,1.2857142857142858,3.357142857142857,1.7857142857142858,0.2857142857142857,0.0,129.82785714285714,0.07142857142857142,Pakistan,ASIA(EX.NEAREAST),165803560,803940,206.2,0.13,-2.77,72.44,2100.0,45.7,31.8,27.87,0.87,71.26,1.0,29.74,8.23,0.216,0.251,0.533
102,0.0,58.22222222222222,0.0,0.0,0.0,0.4444444444444444,1.4444444444444444,2.6666666666666665,2.111111111111111,0.0,0.0,110.16111111111111,0.0,Panama,LATINAMER.&CARIB,3191319,78200,40.8,3.18,-0.91,20.47,6300.0,92.6,137.9,7.36,1.98,90.66,2.0,21.74,5.36,0.068,0.156,0.776
103,0.20689655172413793,26.724137931034484,0.034482758620689655,0.3793103448275862,0.13793103448275862,0.3448275862068966,0.5862068965517241,2.206896551724138,1.7241379310344827,0.034482758620689655,0.0,121.77620689655173,0.034482758620689655,Peru,LATINAMER.&CARIB,28302603,1285220,22.0,0.19,-1.05,31.94,5100.0,90.9,79.5,2.89,0.4,96.71,1.5,20.48,6.23,0.08,0.27,0.65
104,0.625,58.05,0.0,0.0,0.0,0.575,0.65,2.1,2.125,0.05,0.0,154.35575,0.05,Philippines,ASIA(EX.NEAREAST),89468677,300000,298.2,12.1,-1.5,23.51,4600.0,92.6,38.4,18.95,16.77,64.28,2.0,24.89,5.41,0.144,0.326,0.53
105,0.0,169.0,0.0,0.0,0.0,0.0,2.0,5.0,2.0,0.0,0.0,136.29,0.0,Palau,OCEANIA,20579,458,44.9,331.66,2.85,14.84,9000.0,92.0,325.6,8.7,4.35,86.95,2.0,18.03,6.8,0.062,0.12,0.818
106,0.23394994559303592,90.7442872687704,0.00544069640914037,0.011969532100108813,0.03482045701849837,0.29053318824809576,1.1556039173014145,2.9162132752992385,1.9151251360174102,0.20348204570184983,0.011969532100108813,107.09914036996736,0.06746463547334058,Poland,EASTERNEUROPE,38536869,312685,123.3,0.16,-0.49,8.51,11100.0,99.8,306.3,45.91,1.12,52.97,3.0,9.85,9.89,0.05,0.311,0.64
107,0.5663511010495987,115.56947931673184,0.06688619057419222,0.18950401317143445,0.30214035809837414,0.16982918295945668,0.7389997941963367,2.1762914179872404,1.7726075324140769,0.07137858642407278,0.008993620086437538,92.04148322700144,0.06379913562461412,Portugal,WESTERNEUROPE,10605870,92391,114.8,1.94,3.57,5.05,18000.0,93.3,399.2,21.75,7.81,70.44,3.0,10.72,10.5,0.053,0.274,0.673
108,0.0,35.5,0.0,0.0,0.0,0.0,0.75,0.75,2.0,0.0,0.0,112.6,0.0,Paraguay,LATINAMER.&CARIB,6506464,406750,16.0,0.0,-0.08,25.63,4700.0,94.0,49.2,7.6,0.23,92.17,2.0,29.1,4.49,0.224,0.207,0.569
109,0.7333333333333333,62.333333333333336,0.0,0.0,0.0,0.13333333333333333,1.1333333333333333,2.7333333333333334,2.1333333333333333,0.2,0.0,144.60466666666667,0.0,Qatar,NEAREAST,885359,11437,77.4,4.92,16.29,18.61,21500.0,82.5,232.0,1.64,0.27,98.09,1.0,15.56,4.72,0.002,0.801,0.197
110,0.268,108.154,0.0,0.0,0.0,0.262,1.15,3.38,1.918,0.178,0.02,115.03272,0.062,Romania,EASTERNEUROPE,22303552,237500,93.9,0.09,-0.13,26.43,7000.0,98.4,196.9,40.82,2.25,56.93,3.0,10.7,11.77,0.101,0.35,0.549
111,0.37816455696202533,80.22310126582279,0.004746835443037975,0.0,0.0,0.2626582278481013,1.0664556962025316,2.8259493670886076,1.8718354430379747,0.18670886075949367,0.0031645569620253164,118.7004746835443,0.05379746835443038,Russia,C.W.OFIND.STATES,142893540,17075200,8.4,0.22,1.02,15.39,8900.0,99.6,280.6,7.33,0.11,92.56,,9.95,14.65,0.054,0.371,0.575
112,0.0,102.0,0.0,0.0,0.0,0.0,2.0,4.5,1.5,0.0,0.0,83.265,0.0,Rwanda,SUB-SAHARANAFRICA,8648248,26338,328.4,0.0,0.0,91.23,1300.0,70.4,2.7,40.54,12.16,47.3,3.0,40.37,16.09,0.401,0.229,0.37
113,0.0,6.0,0.0,0.0,0.0,0.0,2.0,1.0,2.0,0.0,0.0,99.0,0.0,Sudan,SUB-SAHARANAFRICA,41236378,2505810,16.5,0.03,-0.02,62.5,1900.0,61.1,16.3,6.83,0.18,92.99,2.0,34.53,8.97,0.387,0.203,0.41
114,0.7272727272727273,55.72727272727273,0.0,0.0,0.0,0.2727272727272727,2.727272727272727,6.090909090909091,1.7272727272727273,0.36363636363636365,0.0,126.06181818181818,0.0,Senegal,SUB-SAHARANAFRICA,11987121,196190,61.1,0.27,0.2,55.51,1600.0,40.2,22.2,12.78,0.21,87.01,2.0,32.78,9.42,0.172,0.209,0.619
115,0.41025641025641024,89.56410256410257,0.0,0.0,0.02564102564102564,0.3076923076923077,0.717948717948718,1.7692307692307692,1.8974358974358974,0.02564102564102564,0.0,97.97102564102563,0.0,Singapore,ASIA(EX.NEAREAST),4492150,693,6482.2,27.85,11.53,2.29,23700.0,92.5,411.4,1.64,0.0,98.36,2.0,9.34,4.28,0.0,0.339,0.661
116,0.0297029702970297,142.26732673267327,0.0,0.0,0.0,0.31683168316831684,0.3069306930693069,2.4752475247524752,1.3663366336633664,0.0297029702970297,0.0,99.430099009901,0.0297029702970297,Serbia,EASTERNEUROPE,9396411,88361,106.3,0.0,-1.33,12.89,2200.0,93.0,285.8,33.35,3.2,63.45,,,,0.166,0.255,0.579
117,0.0,54.2,0.0,0.0,0.0,0.2,1.4,2.6,2.0,0.4,0.0,93.0,0.2,Suriname,LATINAMER.&CARIB,439117,163270,2.7,0.24,-8.81,23.57,4000.0,93.0,184.7,0.37,0.06,99.57,2.0,18.02,7.27,0.13,0.22,0.65
118,0.36923076923076925,137.3230769230769,0.0,0.0,0.0,0.12307692307692308,1.0461538461538462,2.6153846153846154,1.8615384615384616,0.13846153846153847,0.015384615384615385,107.37415384615385,0.07692307692307693,Slovakia,EASTERNEUROPE,5439448,48845,111.4,0.0,0.3,7.41,13300.0,82.0,220.1,30.16,2.62,67.22,3.0,10.65,9.45,0.035,0.294,0.672
119,0.2631578947368421,64.0,0.03508771929824561,0.0,0.05263157894736842,0.2807017543859649,0.9122807017543859,2.175438596491228,1.6140350877192982,0.2982456140350877,0.0,116.42315789473685,0.07017543859649122,Slovenia,EASTERNEUROPE,2010347,20273,99.2,0.23,1.12,4.45,19000.0,99.7,406.1,8.6,1.49,89.91,,8.98,10.31,0.028,0.369,0.603
120,0.2216796875,106.4033203125,0.009765625,0.00390625,0.0107421875,0.2763671875,1.1376953125,2.8017578125,1.8359375,0.166015625,0.005859375,112.897001953125,0.0595703125,Sweden,WESTERNEUROPE,9016596,449964,20.0,0.72,1.67,2.77,26800.0,99.0,715.0,6.54,0.01,93.45,3.0,10.27,10.31,0.011,0.282,0.707
121,0.5,74.0,0.0,0.0,0.0,0.0,0.5,1.5,1.5,0.0,0.0,132.125,0.0,Seychelles,SUB-SAHARANAFRICA,81541,455,179.2,107.91,-5.69,15.53,7800.0,58.0,262.4,2.22,13.33,84.45,2.0,16.03,6.29,0.032,0.304,0.665
122,0.0,9.333333333333334,0.0,0.0,0.0,1.0,1.0,1.6666666666666667,1.6666666666666667,0.0,0.0,98.33333333333333,0.0,Syria,NEAREAST,18881361,185180,102.0,0.1,0.0,29.53,3300.0,76.9,153.8,25.22,4.43,70.35,1.0,27.76,4.81,0.249,0.23,0.519
123,0.0,62.0,0.0,0.0,0.0,0.0,2.5,5.5,2.0,0.0,0.0,105.75,0.0,Togo,SUB-SAHARANAFRICA,5548702,56785,97.7,0.1,0.0,66.61,1500.0,60.9,10.6,46.15,2.21,51.64,2.0,37.01,9.83,0.395,0.204,0.401
124,0.3050847457627119,55.49152542372882,0.0,0.0,0.0,0.1864406779661017,0.4576271186440678,1.6440677966101696,1.9661016949152543,0.2033898305084746,0.0,117.54254237288136,0.03389830508474576,Thailand,ASIA(EX.NEAREAST),64631595,514000,125.7,0.63,0.0,20.48,7400.0,92.6,108.9,29.36,6.46,64.18,2.0,13.87,7.04,0.099,0.441,0.46
125,0.8888888888888888,44.0,0.0,0.0,0.0,0.2222222222222222,0.2222222222222222,2.7777777777777777,2.0,0.0,0.0,137.23333333333332,0.0,Tajikistan,C.W.OFIND.STATES,7320815,143100,51.2,0.0,-2.86,110.76,1000.0,99.4,33.5,6.61,0.92,92.47,2.0,32.65,8.25,0.234,0.286,0.48
126,0.48717948717948717,44.07692307692308,0.02564102564102564,0.0,0.0,0.20512820512820512,1.0,2.871794871794872,1.8974358974358974,0.20512820512820512,0.0,106.40923076923077,0.02564102564102564,Tunisia,NORTHERNAFRICA,10175014,163610,62.2,0.7,-0.57,24.77,6900.0,74.2,123.6,17.86,13.74,68.4,3.0,15.52,5.13,0.132,0.318,0.55
127,0.27450980392156865,76.37254901960785,0.0,0.0,0.0,0.23529411764705882,1.1372549019607843,1.7450980392156863,1.9215686274509804,0.0392156862745098,0.0,126.37627450980392,0.0196078431372549,Taiwan,ASIA(EX.NEAREAST),23036087,35980,640.3,4.35,0.0,6.4,23400.0,96.1,591.0,24.0,1.0,75.0,2.0,12.56,6.48,0.018,0.259,0.723
128,0.6,26.2,0.0,0.0,0.0,0.2,1.2,1.4,1.4,0.6,0.0,90.9,0.0,Tanzania,SUB-SAHARANAFRICA,37445392,945087,39.6,0.15,-2.06,98.54,600.0,78.2,4.0,4.52,1.08,94.4,,37.71,16.39,0.432,0.172,0.396
129,0.0,18.5,0.0,0.0,0.0,0.0,1.0,1.0,1.5,0.0,0.0,84.5,0.0,Uganda,SUB-SAHARANAFRICA,28195754,236040,119.5,0.0,0.0,67.83,1400.0,69.9,3.6,25.88,10.65,63.47,2.0,47.35,12.24,0.311,0.222,0.469
130,0.29411764705882354,72.69117647058823,0.0,0.0,0.014705882352941176,0.35294117647058826,1.0294117647058822,2.573529411764706,1.8529411764705883,0.11764705882352941,0.0,93.23926470588236,0.029411764705882353,Ukraine,C.W.OFIND.STATES,46710816,603700,77.4,0.46,-0.39,20.34,5400.0,99.7,259.9,56.21,1.61,42.18,3.0,8.82,14.39,0.187,0.452,0.361
131,0.28125,100.15625,0.0,0.0,0.0,0.21875,0.75,2.28125,2.09375,0.125,0.0,130.9121875,0.15625,Uruguay,LATINAMER.&CARIB,3431932,176220,19.5,0.37,-0.32,11.95,12800.0,98.0,291.4,7.43,0.23,92.34,3.0,13.91,9.05,0.093,0.311,0.596
132,0.5,14.75,0.0,0.0,0.0,0.0,1.0,2.25,1.5,0.0,0.0,96.9925,0.0,Uzbekistan,C.W.OFIND.STATES,27307134,447400,61.0,0.0,-1.72,71.1,1700.0,99.3,62.9,10.83,0.83,88.34,1.0,26.36,7.84,0.342,0.229,0.43
133,0.46153846153846156,54.76923076923077,0.0,0.0,0.0,0.038461538461538464,0.8461538461538461,2.576923076923077,1.9230769230769231,0.11538461538461539,0.038461538461538464,106.70807692307692,0.038461538461538464,Venezuela,LATINAMER.&CARIB,25730435,912050,28.2,0.31,-0.04,22.2,4800.0,93.4,140.1,2.95,0.92,96.13,2.0,18.71,4.92,0.04,0.419,0.541
134,0.25,84.125,0.0,0.0,0.0,0.125,0.625,2.0,2.125,0.0,0.0,123.2675,0.0,Vietnam,ASIA(EX.NEAREAST),84402966,329560,256.1,1.05,-0.45,25.95,2500.0,90.3,187.7,19.97,5.95,74.08,2.0,16.86,6.22,0.209,0.41,0.381
135,0.5,68.5,0.0,0.0,0.0,0.0,1.5,2.5,2.0,1.0,0.0,101.88499999999999,0.0,Zambia,SUB-SAHARANAFRICA,11502010,752614,15.3,0.0,0.0,88.29,800.0,80.6,8.2,7.08,0.03,92.9,2.0,41.0,19.93,0.22,0.29,0.489
136,0.5,83.0,0.0,0.0,0.0,1.0,0.25,2.25,2.0,0.0,0.0,85.3075,0.0,Zimbabwe,SUB-SAHARANAFRICA,12236805,390580,31.3,0.0,0.0,67.69,1900.0,90.7,26.8,8.32,0.34,91.34,2.0,28.01,21.84,0.179,0.243,0.579
