iso_code,location,continent,total_cases_per_million,total_deaths_per_million,reproduction_rate,icu_patients_per_million,hosp_patients_per_million,total_tests_per_thousand,positive_rate,people_fully_vaccinated_per_hundred,stringency_index,population_density,median_age,aged_65_older,diabetes_prevalence,female_smokers,male_smokers,handwashing_facilities,hospital_beds_per_thousand,life_expectancy,human_development_index
ABW,Aruba,North America,415183.31,2724.053,,,,7.443,,79.19,38.320210237659964,584.8,41.2,13.085,11.62,,,,,76.29,
AFG,Afghanistan,Asia,5399.48,192.517,1.0485247524752475,,,24.811,0.5184,36.88,27.444661791590494,54.422,18.6,2.581,9.59,,,37.746,0.5,64.83,0.511
AGO,Angola,Africa,2961.14,54.343,0.7706837606837607,,,46.91,0.1635,24.79,51.716106032906765,23.89,16.8,2.405,3.94,,,26.664,,61.15,0.581
AIA,Anguilla,North America,245890.282,755.81,,,,3261.728,0.1615,65.38,,,,,,,,,,81.88,
ALB,Albania,Europe,117541.387,1267.979,1.0285714285714285,,,565.336,0.9666,44.96,41.85849177330896,104.871,38.0,13.188,10.08,7.1,51.2,,2.89,78.57,0.795
AND,Andorra,Europe,601367.684,1991.408,0.8726870078740158,,,3799.719,0.9515,67.0,33.54798903107861,163.755,,,7.97,29.0,37.8,,,83.73,0.8680000000000001
ARE,United Arab Emirates,Asia,113019.214,248.805,1.0204705882352942,,,17994.67,0.0241,103.72,44.317294332723954,112.442,34.0,1.144,17.26,1.2,37.4,,1.2,77.97,0.89
ARG,Argentina,South America,220718.205,2866.866,0.969852652259332,175.103,,809.775,0.662,76.64,52.42913321167883,16.177,31.9,11.198,5.5,16.2,27.7,,5.0,76.67,0.8449999999999999
ARM,Armenia,Asia,161556.383,3146.948,0.8804710500490678,,,1111.536,0.478,35.83,,102.931,35.7,11.232,7.11,1.5,52.1,94.043,4.2,75.09,0.776
ASM,American Samoa,Oceania,188079.919,767.581,,,,,,,,278.205,,,,,,,,73.74,
ATG,Antigua and Barbuda,North America,97107.879,1556.968,0.6426844014510278,,,179.146,0.6099,66.53,,231.845,32.1,6.933,13.17,,,,3.7999999999999994,77.02,0.778
AUS,Australia,Oceania,436255.497,804.625,1.0954961089494164,16.197,212.817,2830.525,0.5793,82.7,47.28330895795247,3.202,37.9,15.504,5.07,13.0,16.5,,3.8399999999999994,83.44,0.944
AUT,Austria,Europe,679902.73,2518.452,1.063920233463035,79.31,524.519,21272.133,0.0892,74.76,49.232961608775135,106.749,44.4,19.202,6.35,28.4,30.9,,7.37,81.54,0.922
AZE,Azerbaijan,Asia,80310.459,992.172,0.9759881422924902,,,673.696,0.389,46.94,60.101224862888486,119.309,32.4,6.018,7.11,0.3,42.5,83.241,4.7,73.0,0.756
BDI,Burundi,Africa,4170.965,1.164,0.8606774193548387,,,128.377,0.0888,0.28,15.87892138939671,423.062,17.5,2.562,6.05,,,6.144,0.8,61.58,0.433
BEL,Belgium,Europe,411787.381,2947.0,1.1231395348837208,126.459,640.104,2955.332,0.464,78.66,39.11867458866545,375.564,41.8,18.571,4.29,25.1,31.4,,5.64,81.63,0.931
BEN,Benin,Africa,2097.977,12.207,0.4830721649484536,,,46.496,,20.54,32.233263254113346,99.11,18.8,3.244,0.99,0.6,12.3,11.035,0.5,61.77,0.545
BES,Bonaire Sint Eustatius and Saba,North America,440669.821,1515.6,,,,,,61.87,,,,,,,,,,77.79,
BFA,Burkina Faso,Africa,972.754,17.465,0.6016370808678502,,,14.695,0.438,18.21,20.532376599634368,70.151,17.6,2.409,2.42,1.6,23.9,11.877,0.4,61.58,0.452
BGD,Bangladesh,Asia,11916.317,172.041,1.0153846153846153,,,81.608,0.3209,82.09,50.06475319926874,1265.036,27.5,5.098,8.38,1.0,44.7,34.808,0.8,72.59,0.632
BGR,Bulgaria,Europe,192853.83,5661.642,1.037023575638507,117.813,1526.846,1463.898,0.4061,30.64,36.233692870201104,65.18,44.7,20.801,5.81,30.1,44.4,,7.454,75.05,0.816
BHR,Bahrain,Asia,473167.024,1043.31,1.0214396887159534,,,6812.903,0.2895,83.33,37.86212065813528,1935.907,32.4,2.372,16.52,5.8,37.6,,2.0,77.29,0.852
BHS,Bahamas,North America,92890.297,2058.592,0.9666561844863732,,,591.313,0.4876,40.73,52.39060329067642,39.497,34.3,8.996,13.17,3.1,20.4,,2.9,73.92,0.814
BIH,Bosnia and Herzegovina,Europe,124630.976,5055.466,1.0568307086614173,,,458.37,0.7422,26.17,38.753427787934186,68.496,42.5,16.569,10.08,30.2,47.7,97.164,3.5,77.4,0.78
BLM,Saint Barthelemy,North America,499727.124,454.794,,,,,,,,,,,,,,,,,
BLR,Belarus,Europe,104251.871,746.516,0.7931349206349206,,,1380.273,0.3182,66.64,23.40146252285192,46.858,40.3,14.799,5.18,10.5,46.1,,11.0,74.79,0.823
BLZ,Belize,North America,174647.47,1697.571,0.9534470989761092,,,1432.139,0.3094,54.63,48.10408592321755,16.426,25.0,3.853,17.11,,,90.083,1.3,74.62,0.716
BMU,Bermuda,North America,293737.443,2569.813,,,,653.221,0.0872,74.22,39.474579524680074,1308.82,,,13.0,,,,,82.59,
BOL,Bolivia,South America,98141.591,1831.135,1.0801588877855015,19.224,199.033,367.596,0.6329,50.4,42.370237659963436,10.202,25.4,6.704,6.89,,,25.383,1.1,71.51,0.718
BRA,Brazil,South America,174634.922,3264.575,1.0905560975609756,,,330.912,,81.82,48.63132541133455,25.04,33.5,8.552,8.11,10.1,17.9,,2.2,75.88,0.765
BRB,Barbados,North America,382728.674,2105.48,0.8921325966850828,,,2480.356,0.3745,55.05,47.930703839122486,664.463,39.8,14.952,13.57,1.9,14.5,88.469,5.8,79.19,0.814
BRN,Brunei,Asia,685266.435,358.573,0.6271794871794872,,,209.245,,99.47,39.56822669104205,81.347,32.4,4.591,12.79,2.0,30.9,,2.7,75.86,0.838
BTN,Bhutan,Asia,80096.414,26.839,0.801354401805869,,,2201.543,0.0454,86.61,50.7763071297989,21.188,28.600000000000005,4.885,9.75,,,79.807,1.7000000000000002,71.78,0.654
BWA,Botswana,Africa,125437.403,1063.377,0.7944601962922574,,,882.839,0.8919,63.24,36.54747714808044,4.044,25.8,3.941,4.81,5.7,34.4,,1.7999999999999998,69.59,0.735
CAF,Central African Republic,Africa,2754.363,20.254,0.37067079463364294,,,17.364,0.6184,40.63,23.94717550274223,7.479,18.3,3.655,6.1,,,16.603,1.0,53.28,0.397
CAN,Canada,North America,121735.504,1369.027,1.052,36.069,286.626,1629.606,0.5287,82.6,50.403199268738575,4.037,41.4,16.984,7.37,12.0,16.6,,2.5,82.43,0.9289999999999999
CHE,Switzerland,Europe,504084.391,1603.689,1.1095353339787029,61.095,425.149,2448.135,0.522,,36.42452468007313,214.243,43.1,18.436,5.59,22.6,28.9,,4.53,83.78,0.9549999999999998
CHL,Chile,South America,269723.893,3290.036,1.0455522971652003,173.742,,2040.365,0.3626,90.29,51.48086837294333,24.282,35.4,11.087,8.46,34.2,41.5,,2.11,80.18,0.851
CHN,China,Asia,69622.096,85.025,1.0477509293680298,,,6461.913,0.0016,89.54,73.447239488117,147.674,38.7,10.641,9.74,1.9,48.4,,4.34,76.91,0.761
CIV,Cote d'Ivoire,Africa,3136.693,29.651,1.0310781404549951,,,56.075,0.2951,43.2,24.92187385740402,76.399,18.7,2.933,2.42,,,19.351,,57.78,0.538
CMR,Cameroon,Africa,4479.242,70.644,0.4876709613478692,,,100.416,0.0456,11.13,31.599478976234007,50.885,18.8,3.165,7.2,,,2.735,1.3,59.29,0.563
COD,Democratic Republic of Congo,Africa,978.586,14.817,0.8678330019880716,,,10.899,0.3693,13.0,37.50040219378428,35.879,17.0,3.02,6.1,,,4.472,,60.68,0.4799999999999999
COG,Congo,Africa,4220.132,65.154,0.4533568548387097,,,67.692,0.0,10.96,43.61063071297989,15.405,19.0,3.402,7.2,1.7,52.3,47.964,,64.57,0.574
COK,Cook Islands,Oceania,418506.341,117.426,,,,,,86.47,,,,,,,,,,76.25,
COL,Colombia,South America,122776.932,2752.148,0.9652254901960784,,,684.075,0.416,71.36,50.75776965265082,44.223,32.2,7.646,7.44,4.7,13.5,65.386,1.71,77.29,0.767
COM,Comoros,Africa,10885.737,192.404,0.6809292502639915,,,122.062,0.0025,47.45,,437.352,20.4,2.963,11.88,4.4,23.6,15.574,2.2,64.32,0.554
CPV,Cape Verde,Africa,107815.403,697.954,0.9817838939857289,,,,0.216,52.05,48.24540219378428,135.58,25.7,4.46,2.42,2.1,16.5,,2.1,72.98,0.665
CRI,Costa Rica,North America,238085.514,1810.326,0.9221533923303835,,,713.534,0.427,84.13,43.38625228519195,96.079,33.6,9.468,8.78,6.4,17.4,83.841,1.13,80.28,0.81
CUB,Cuba,North America,99383.636,760.779,1.0188415841584157,,,470.557,0.0879,89.36,48.10032906764168,110.408,43.1,14.738,8.27,17.1,53.3,85.198,5.2,78.8,0.783
CUW,Curacao,North America,239662.505,1579.721,,,,116.109,1.0,52.77,,362.644,41.7,16.367,11.62,,,,,78.88,
CYM,Cayman Islands,North America,457961.061,538.401,,,,137.343,0.348,88.27,,256.496,,,13.22,,,,,83.92,
CYP,Cyprus,Europe,737554.506,1522.31,1.0098816568047337,63.616,335.935,32925.826,0.0606,72.11,45.17851005484461,127.657,37.3,13.416,9.24,19.6,52.7,,3.4000000000000004,80.98,0.8870000000000001
CZE,Czechia,Europe,442375.207,4078.906,1.0416,180.675,910.235,5193.488,0.321,65.69,39.559396709323586,137.176,43.3,19.027,6.82,30.5,38.3,,6.63,79.38,0.8999999999999999
DEU,Germany,Europe,460957.128,2092.028,1.0975409836065575,69.102,,1574.021,0.556,76.24,44.12263254113345,237.016,46.6,21.453,8.31,28.2,33.1,,8.0,81.33,0.947
DJI,Djibouti,Africa,13998.292,168.622,0.7121821821821822,,,280.159,0.0503,31.38,39.91341864716636,41.285,25.4,4.213,6.05,1.7,24.5,,1.4,67.11,0.524
DMA,Dominica,North America,216608.483,1017.07,0.4243801652892562,,,2836.077,0.3853,42.14,39.91393053016453,98.567,,,11.62,,,,3.7999999999999994,75.0,0.742
DNK,Denmark,Europe,580366.828,1482.254,1.0538424124513617,26.01,299.545,11043.263,0.3399,80.52,35.37646252285192,136.52,42.3,19.677,6.41,19.3,18.8,,2.5,80.9,0.94
DOM,Dominican Republic,North America,58882.05,390.424,0.9787217305801377,,,309.794,0.7947,54.29,45.12400365630713,222.873,27.600000000000005,6.981,8.2,8.5,19.1,55.182,1.6,74.08,0.756
DZA,Algeria,Africa,6053.93,153.241,1.0034513274336283,1.492,,5.219,,14.43,48.45615173674589,17.348,29.100000000000005,6.211,6.73,0.7,30.4,83.741,1.8999999999999997,76.88,0.748
ECU,Ecuador,South America,59011.993,2000.944,0.998343137254902,,,161.295,0.673,79.11,47.826535648994515,66.939,28.100000000000005,7.104,5.55,2.0,12.3,80.635,1.5,77.01,0.759
EGY,Egypt,Africa,4649.271,223.714,0.757158203125,,,109.415,0.9089,38.15,43.35214808043876,97.999,25.3,5.159,17.31,0.2,50.1,89.827,1.6,71.99,0.707
ERI,Eritrea,Africa,2765.713,27.958,0.7646938775510205,,,6.544,,,0.0,44.304,19.3,3.607,6.05,0.2,11.4,,0.7,66.32,0.459
ESH,Western Sahara,Africa,,,,,,6.972,,,,,28.4,,,,,,,70.26,
ESP,Spain,Europe,292072.215,2552.975,1.1482722007722006,102.905,568.33,1961.848,0.434,85.66,45.04116087751371,93.105,45.5,19.436,7.17,27.4,31.4,,2.97,83.56,0.904
EST,Estonia,Europe,466816.835,2263.088,1.0594921875,52.788,552.764,2577.757,0.616,64.98,32.07683729433272,31.033,42.7,19.452,4.02,24.5,39.3,,4.69,78.74,0.8920000000000001
ETH,Ethiopia,Africa,4059.866,61.388,1.0316986855409505,,,41.774,0.4553,30.51,45.119707495429616,104.957,19.8,3.526,7.47,0.4,8.5,7.96,0.3,66.6,0.48500000000000004
FIN,Finland,Europe,267178.872,1759.691,1.0193865628042844,14.98,196.544,1994.022,0.509,78.47,32.57875685557587,18.136,42.8,21.228,5.76,18.3,22.6,,3.28,81.91,0.938
FJI,Fiji,Oceania,74127.014,949.698,0.9583116883116884,,,604.059,,68.96,54.12250457038391,49.562,28.600000000000005,6.224,14.49,10.2,34.8,,2.3,67.44,0.743
FLK,Falkland Islands,South America,505919.495,,,,,,,46.7,,,,,,,,,,81.44,
FRA,France,Europe,604292.946,2532.702,1.0890173410404624,103.505,493.504,4126.754,0.309,78.44,42.349826325411335,122.578,42.0,19.718,4.77,30.1,35.6,,5.98,82.66,0.9010000000000001
FRO,Faeroe Islands,Europe,652484.139,527.138,,,,14707.401,0.6621,76.99,27.61553016453382,35.308,,,,,,,,80.67,
FSM,Micronesia (country),Oceania,231725.902,569.287,0.46189024390243905,,,,,,,150.777,23.0,4.81,12.02,,,,,67.88,0.62
GAB,Gabon,Africa,20507.351,128.506,0.8080808080808081,,,683.374,0.6613,10.78,47.54945155393053,7.859,23.1,4.45,7.2,,,,6.3,66.47,0.703
GBR,United Kingdom,Europe,364675.693,3357.259,1.0565444015444014,60.392,581.523,7480.121,0.2983,75.19,43.14760511882998,272.898,40.8,18.517,4.28,20.0,24.7,,2.54,81.32,0.932
GEO,Georgia,Asia,492392.476,4563.366,0.8107936507936507,,,3632.937,0.9374,34.08,43.59658135283364,65.032,38.7,14.864,7.11,5.3,55.5,,2.6,73.77,0.812
GGY,Guernsey,Europe,557817.114,1057.967,,,,,,83.23,,,,,,,,,,,
GHA,Ghana,Africa,5127.664,43.673,0.9509683794466404,,,75.084,0.4347,30.38,42.65925959780622,126.719,21.1,3.385,4.97,0.3,7.7,41.047,0.8999999999999999,64.07,0.611
GIB,Gibraltar,Europe,628882.7,3458.09,,,,16322.865,0.1481,126.89,,3457.1,,,,,,,,79.93,
GIN,Guinea,Africa,2782.454,33.768,0.735234297108674,,,52.351,0.0549,34.1,52.85707495429616,51.755,19.0,3.135,2.42,,,17.45,0.3,61.6,0.477
GLP,Guadeloupe,North America,512520.151,2569.726,,,,,,,,,43.4,,,,,,,82.14,
GMB,Gambia,Africa,4665.936,137.473,0.5553683035714286,,,58.974,0.6593,19.93,32.94376599634369,207.566,17.5,2.339,1.91,0.7,31.2,7.876,1.1,62.05,0.496
GNB,Guinea-Bissau,Africa,4565.963,84.062,0.5777505112474437,,,69.368,0.0445,25.35,,66.191,19.4,3.002,2.42,,,6.403,,58.32,0.4799999999999999
GNQ,Equatorial Guinea,Africa,10227.379,109.259,0.6544252288911495,,,296.46,0.3404,12.78,,45.194,22.4,2.846,7.78,,,24.64,2.1,58.74,0.592
GRC,Greece,Europe,586094.984,3564.189,1.0374634146341464,,,8088.12,0.1054,73.62,52.64063071297989,83.479,45.3,20.396,4.55,35.3,52.0,,4.21,82.24,0.888
GRD,Grenada,North America,156967.615,1897.034,0.55721399730821,,,1357.796,0.2687,31.11,,317.132,29.399999999999995,7.304,10.71,,,,3.7000000000000006,72.4,0.779
GRL,Greenland,North America,211898.609,371.721,,,,,,68.17,30.796901279707495,0.137,,,2.16,,,,,71.7,
GTM,Guatemala,North America,70235.656,1132.151,1.0629689067201604,,,231.012,0.513,39.94,53.555274223034736,157.834,22.9,4.694,10.18,,,76.665,0.6,74.3,0.663
GUF,French Guiana,South America,321901.841,1356.019,,,,,,,,,25.3,,,,,,,79.95,
GUM,Guam,Oceania,300221.791,2404.196,,,,1897.076,0.583,,0.0,304.128,31.399999999999995,9.551,21.52,,,,,80.07,
GUY,Guyana,South America,90583.102,1604.992,1.01770423991727,,,550.228,0.3698,47.23,52.29457038391225,3.952,26.299999999999997,5.305,11.62,,,77.159,1.6,69.91,0.682
HKG,Hong Kong,Asia,,,,,,6594.993,0.2308,90.8,59.16669793621013,7039.714,44.8,16.303,8.33,,,,,84.86,0.9490000000000001
HND,Honduras,North America,45301.01,1065.48,0.9229633300297324,,,,,56.11,62.96259597806216,82.805,24.9,4.652,7.21,2.0,,84.169,0.7,75.27,0.634
HRV,Croatia,Europe,316068.709,4532.1,1.0473110893032385,,738.395,1212.45,0.529,55.87,33.4650731261426,73.726,44.0,19.724,5.59,34.3,39.9,,5.54,78.49,0.851
HTI,Haiti,North America,2955.632,74.234,0.9222554067971164,,,18.047,0.424,3.02,44.23063071297989,398.448,24.3,4.8,6.65,2.9,23.1,22.863,0.7,64.0,0.51
HUN,Hungary,Europe,221011.319,4894.904,1.0798131760078664,,,1127.081,0.4236,62.28,36.609698354661795,108.043,43.4,18.577,7.55,26.8,34.8,,7.02,76.88,0.8540000000000001
IDN,Indonesia,Asia,24715.415,587.307,1.0380547409579668,,,217.363,0.3054,62.68,54.55830895795247,145.725,29.299999999999997,5.319,6.32,2.8,76.1,64.204,1.04,71.72,0.718
IMN,Isle of Man,Europe,449617.905,1372.229,,,,,,79.38,,147.872,,,,,,,,81.4,
IND,India,Asia,31747.624,375.313,1.035478515625,,,609.938,0.2268,67.17,57.97097806215722,450.419,28.200000000000003,5.989,10.39,1.9,20.6,59.55,0.53,69.66,0.645
IRL,Ireland,Europe,340955.042,1787.539,1.05501953125,43.001,386.414,2476.135,0.51,80.88,42.62072212065814,69.874,38.7,13.928,3.28,23.0,25.7,,2.96,82.3,0.9549999999999998
IRN,Iran,Asia,85961.402,1651.791,1.0218731988472622,,,594.485,0.5375,66.13,59.445210237659964,49.831,32.4,5.44,9.59,0.8,21.1,,1.5,76.68,0.783
IRQ,Iraq,Asia,55410.332,570.274,0.9739707317073171,,,436.507,0.2751,17.85,58.4872029250457,88.125,20.0,3.186,8.83,,,94.576,1.4,70.6,0.674
ISL,Iceland,Europe,560979.665,697.232,0.9515399610136452,,,3709.574,,77.82,30.66988117001828,3.404,37.3,14.431,5.31,14.3,15.2,,2.91,82.99,0.949
ISR,Israel,Asia,510824.426,1327.125,1.0573268292682927,44.449,393.057,5573.137,0.333,65.19,43.36253199268739,402.606,30.600000000000005,11.733,6.74,15.4,35.4,,2.99,82.97,0.9189999999999999
ITA,Italy,Europe,438210.379,3227.052,1.0682854406130269,68.905,652.247,3795.998,0.2684,81.25,52.37960694698355,205.859,47.9,23.021,4.78,19.8,27.8,,3.18,83.51,0.8920000000000001
JAM,Jamaica,North America,54830.228,1255.578,0.9596068548387097,,,397.603,0.4219,26.85,54.07849177330896,266.879,31.399999999999995,9.684,11.28,5.3,28.6,66.425,1.7000000000000002,74.47,0.734
JEY,Jersey,Europe,599218.383,1453.121,,,,,,73.9,,,,,,,,,,,
JOR,Jordan,Asia,154794.998,1251.299,0.8180905511811023,,,1507.249,0.5815,40.39,41.33564899451554,109.285,23.2,3.81,11.75,,,,1.4,74.53,0.729
JPN,Japan,Asia,272715.688,602.606,1.077189292543021,24.477,358.672,429.37,0.4913,83.4,40.43196526508227,347.778,48.2,27.049,5.72,11.2,33.7,,13.05,84.63,0.9189999999999999
KAZ,Kazakhstan,Asia,77474.851,983.194,0.9531521739130435,,,623.295,0.2281,54.79,51.334972577696526,6.681,30.600000000000005,6.991,7.11,7.0,43.1,98.999,6.699999999999999,73.6,0.8249999999999998
KEN,Kenya,Africa,6354.395,105.28,1.0176318407960199,,,70.335,0.3541,20.53,51.64378427787934,87.324,20.0,2.686,2.92,1.2,20.4,24.651,1.4,66.7,0.601
KGZ,Kyrgyzstan,Asia,31202.206,451.089,0.8819563058589871,,,,,20.94,46.101654478976236,32.333,26.299999999999997,4.489,7.11,3.6,50.5,89.22,4.5,71.45,0.697
KHM,Cambodia,Asia,8277.924,182.254,0.7957383548067394,,,179.493,0.2509,87.43,45.20405850091407,90.672,25.6,4.412,4.0,2.0,33.7,66.229,0.8,69.82,0.594
KIR,Kiribati,Oceania,38380.944,182.875,0.25252199413489734,,,,,62.08,25.239707495429613,143.701,23.2,3.895,22.66,35.9,58.9,,1.8999999999999997,68.37,0.63
KNA,Saint Kitts and Nevis,North America,138461.861,964.745,0.7914762741652022,,,1983.784,0.5732,56.63,,212.865,,,12.84,,,,2.3,76.23,0.779
KOR,South Korea,Asia,613377.987,671.899,1.0726456542502387,25.378,440.213,1934.578,0.6691,85.64,40.825539305301646,527.967,43.4,13.914,6.8,6.2,40.9,,12.27,83.03,0.916
KWT,Kuwait,Asia,155999.012,602.031,0.92193359375,,,1931.449,0.2627,78.38,48.63106946983547,232.128,33.7,2.345,15.84,2.7,37.0,,2.0,75.49,0.806
LAO,Laos,Asia,28988.069,89.116,1.0274313408723748,,,138.751,0.9293,69.36,46.22556672760511,29.715,24.4,4.029,4.0,7.3,51.2,49.839,1.5,67.92,0.613
LBN,Lebanon,Asia,225430.548,1988.071,1.0380254154447703,,,846.002,,43.98,51.95795246800731,594.561,31.100000000000005,8.514,12.71,26.9,40.7,,2.9,78.93,0.744
LBR,Liberia,Africa,1525.641,55.444,0.5358680203045686,,,26.923,,70.36,45.413546617915905,49.127,19.2,3.057,2.42,1.5,18.1,1.188,0.8,64.1,0.4799999999999999
LBY,Libya,Africa,74462.329,944.902,0.8410537407797681,,,,0.2478,18.15,56.879670932358316,3.623,29.0,4.424,10.43,,,,3.7000000000000006,72.91,0.724
LCA,Saint Lucia,North America,167074.364,2273.839,0.9498859315589354,,,1160.911,0.5776,30.56,,293.187,34.9,9.721,11.62,,,87.202,1.3,76.2,0.759
LIE,Liechtenstein,Europe,545546.944,2210.647,1.0612268518518517,,559.014,2321.576,0.346,,35.48836380255941,237.012,,,7.77,,,,2.397,82.49,0.9189999999999999
LKA,Sri Lanka,Asia,30802.738,772.988,0.9871104536489151,,,353.231,0.2985,67.57,51.31031078610604,341.955,34.1,10.069,10.68,0.3,27.0,,3.5999999999999996,76.98,0.782
LSO,Lesotho,Africa,14957.764,306.181,0.5626571113561191,,,201.508,0.181,40.68,43.97591407678245,73.562,22.2,4.506,3.94,0.4,53.9,2.117,,54.33,0.527
LTU,Lithuania,Europe,480255.689,3522.471,1.0343336623889436,58.544,934.889,3128.553,0.505,68.38,36.08526508226691,45.135,43.5,19.002,3.67,21.3,38.0,,6.56,75.93,0.8819999999999999
LUX,Luxembourg,Europe,494068.107,1902.406,1.077737512242899,77.208,381.408,6725.731,0.405,71.45,37.750740402193784,231.447,39.7,14.312,4.42,20.9,26.0,,4.51,82.25,0.916
LVA,Latvia,Europe,528402.932,3440.946,1.052229862475442,128.603,,3876.137,0.4668,70.57,35.553546617915906,31.212,43.9,19.754,4.91,25.6,51.0,,5.57,75.29,0.866
MAC,Macao,Asia,,,,,,,,92.39,35.93757225433526,20546.766,39.2,9.798,,,,,,84.24,
MAF,Saint Martin (French part),North America,386692.23,1445.813,,,,,,,,590.533,,,,,,,,82.08,
MAR,Morocco,Africa,34016.253,435.074,1.0310826771653543,,,316.606,0.2653,62.8,53.89393967093236,80.08,29.600000000000005,6.769,7.14,0.8,47.1,,1.1,76.68,0.686
MCO,Monaco,Europe,460497.109,1836.069,1.0062054054054055,,,,,70.34,36.86795246800731,19347.5,,,5.46,,,,13.800000000000002,86.75,
MDA,Moldova,Europe,189604.439,3702.422,0.9762561576354679,,,,0.447,32.94,41.23782449725777,123.655,37.6,10.864,5.72,5.9,44.6,86.979,5.8,71.9,0.75
MDG,Madagascar,Africa,2306.148,48.123,0.6974899598393575,,,15.623,0.5468,8.51,37.640539305301644,43.951,19.6,2.929,3.94,,,50.54,0.2,67.04,0.528
MDV,Maldives,Asia,356381.659,603.286,0.9672154471544716,,,4240.251,0.3653,73.53,,1454.433,30.600000000000005,4.12,9.19,2.1,55.0,95.803,,78.92,0.74
MEX,Mexico,North America,59771.104,2620.833,1.0249901960784313,,,122.879,0.69,64.19,43.99120437956204,66.444,29.300000000000004,6.857,13.06,6.9,21.4,87.847,1.38,75.05,0.779
MHL,Marshall Islands,Oceania,386627.558,408.723,0.37773972602739725,,,75.719,0.033,,,295.15,,,30.53,,,82.502,2.7,73.7,0.704
MKD,North Macedonia,Europe,166352.217,4622.169,0.9819094488188976,,,986.118,0.3981,40.04,,82.6,39.1,13.26,10.08,,,,4.28,75.8,0.774
MLI,Mali,Africa,1467.23,32.885,0.9930150753768844,,,32.326,0.0337,16.08,37.610886654478975,15.196,16.4,2.519,2.42,1.6,23.0,52.232,0.1,59.31,0.43400000000000005
MLT,Malta,Europe,222684.341,1569.494,0.9960295566502463,50.629,,3703.589,0.2502,88.42,39.973967093235835,1454.037,42.4,19.426,8.83,20.9,30.2,,4.485,82.53,0.895
MMR,Myanmar,Asia,11799.873,359.805,0.9773684210526316,,,154.876,0.3826,50.84,63.850978062157225,81.721,29.100000000000005,5.732,4.61,6.3,35.2,79.287,0.8999999999999999,67.13,0.583
MNE,Montenegro,Europe,465401.654,4508.182,0.9637239324726912,,,,,45.43,,46.28,39.1,14.762,10.08,44.0,47.9,,3.8610000000000007,76.88,0.829
MNG,Mongolia,Asia,297211.048,628.536,0.8896774193548387,,,2213.041,0.9912,64.02,43.040603290676415,1.98,28.600000000000005,4.031,4.82,5.5,46.5,71.18,7.0,69.87,0.737
MNP,Northern Mariana Islands,Oceania,281094.929,827.046,,,,1194.6,0.831,,,119.878,,,,,,,,76.74,
MOZ,Mozambique,Africa,7079.782,68.033,0.9401138716356108,,,41.83,0.6374,59.95,43.918921389396715,37.728,17.7,3.158,3.3,5.1,29.1,12.227,0.7,60.85,0.456
MRT,Mauritania,Africa,13445.743,210.509,0.9596450939457203,,,216.286,0.5763,32.48,36.331288848263256,4.289,20.3,3.138,2.42,,,15.95,,64.92,0.546
MSR,Montserrat,North America,317924.315,1812.826,,,,,,44.23,,,,,,,,,,74.16,
MTQ,Martinique,North America,625761.88,2998.542,,,,,,,,,45.7,,,,,,,82.54,
MUS,Mauritius,Africa,236224.853,808.786,0.5482755203171458,,,987.58,0.2934,83.74,34.36884826325411,622.962,37.4,10.945,22.02,3.2,40.7,,3.4000000000000004,74.99,0.804
MWI,Malawi,Africa,4345.044,131.632,0.9584453781512604,,,29.628,0.7944,20.06,39.05315356489945,197.519,18.1,2.979,3.94,4.4,24.7,8.704,1.3,64.26,0.483
MYS,Malaysia,Asia,150280.41,1092.78,1.0442079689018464,46.938,434.702,1806.391,0.1575,81.18,49.286206581352836,96.254,29.899999999999995,6.293,16.74,1.0,42.4,,1.8999999999999997,76.16,0.81
MYT,Mayotte,Africa,128872.507,573.421,,,,,,,,,20.1,,,,,,,79.46,
NAM,Namibia,Africa,66734.865,1593.674,0.8119652551574377,,,417.384,0.6535,20.99,35.3817915904936,3.078,22.0,3.552,3.94,9.7,34.2,44.6,,63.71,0.646
NCL,New Caledonia,Oceania,276121.797,1082.912,,,,,,63.74,,15.342,33.4,9.954,23.36,,,,,77.55,
NER,Niger,Africa,362.981,12.019,0.7922808764940239,,,10.08,0.0396,20.81,21.389625228519197,16.955,15.100000000000001,2.553,2.42,0.1,15.4,8.978,0.3,62.42,0.394
NGA,Nigeria,Africa,1220.25,14.437,1.0092765113974231,,,24.74,0.2977,31.94,40.85574040219378,209.588,18.1,2.751,2.42,0.6,10.8,41.949,,54.69,0.539
NIC,Nicaragua,North America,2265.127,35.26,0.9952510460251046,,,28.666,0.035,87.66,11.354616087751372,51.667,27.299999999999997,5.445,11.47,,,,0.8999999999999999,74.48,0.66
NIU,Niue,Oceania,418545.082,,,,,,,83.76,,,,,,,,,,73.71,
NLD,Netherlands,Europe,490227.864,1309.04,1.0697192642787996,43.783,109.201,1753.393,0.7,68.08,42.975347349177326,508.544,43.2,18.779,5.29,24.4,27.3,,3.3199999999999994,82.28,0.944
NOR,Norway,Europe,273281.829,1017.238,1.0388565891472867,,117.402,2064.505,0.787,74.61,35.695210237659964,14.462,39.7,16.821,5.31,19.6,20.7,,3.5999999999999996,82.4,0.957
NPL,Nepal,Asia,32845.541,393.845,1.0120721649484536,,,232.031,0.463,79.8,51.27999085923217,204.43,25.0,5.809,7.26,9.5,37.8,47.782,0.3,70.78,0.602
NRU,Nauru,Oceania,424946.813,78.796,0.12112244897959183,,,,,89.4,,682.45,,,24.07,43.0,36.9,,5.0,59.96,
NZL,New Zealand,Oceania,444901.528,567.374,0.8945767716535433,,,1416.09,,80.66,34.749259597806216,18.206,37.9,15.322,8.08,14.8,17.2,,2.61,82.29,0.931
OMN,Oman,Asia,87286.454,1011.297,0.8578557312252965,,,449.439,0.7041,66.62,46.372531992687385,14.98,30.700000000000003,2.355,12.61,0.5,15.6,97.4,1.6,77.86,0.813
OWID_AFR,Africa,,9176.132,181.5,,,,,,30.61,,,,,,,,,,,
OWID_ASI,Asia,,63075.805,345.881,,,,,,72.96,,,,,,,,,,,
OWID_CYN,Northern Cyprus,Asia,,,,,,,,81.78,,,,,,,,,,,
OWID_ENG,England,Europe,,,,66.065,607.179,,,75.95,,,,,,,,,,,
OWID_EUN,European Union,,409432.547,2742.703,,,,,,72.9,,,,,,,,,,,
OWID_EUR,Europe,,335168.298,2774.63,,,,,,66.23,,,,,,,,,,,
OWID_HIC,High income,,337950.05,2307.081,,,,,,74.32,,,,,,,,,,,
OWID_KOS,Kosovo,Europe,153695.469,1800.108,1.026782522343595,,,1036.053,0.2611,46.3,48.488683729433276,168.155,,,,,,,,,
OWID_LIC,Low income,,3125.188,64.998,,,,,,25.66,,,,,,,,,,,
OWID_LMC,Lower middle income,,28445.471,391.375,,,,,,59.04,,,,,,,,,,,
OWID_NAM,North America,,207123.107,2668.464,,,,,,65.69,,,,,,,,,,,
OWID_NIR,Northern Ireland,Europe,,,,33.228,558.544,,,71.78,,,,,,,,,,,
OWID_OCE,Oceania,,315632.123,607.142,,,,,,62.09,,,,,,,,,,,
OWID_SAM,South America,,157171.283,3097.945,,,,,,77.12,,,,,,,,,,,
OWID_SCT,Scotland,Europe,,,,40.432,440.176,,,78.41,,,,,,,,,,,
OWID_UMC,Upper middle income,,96596.392,1053.444,,,,,,78.74,,,,,,,,,,,
OWID_WLS,Wales,Europe,,,,51.735,633.754,,,78.14,,,,,,,,,,,
OWID_WRL,World,,96268.336,870.344,1.0701579925650557,,,,,64.38,,58.045,30.899999999999995,8.696,8.51,6.434,34.635,60.13,2.705,72.58,0.737
PAK,Pakistan,Asia,6702.563,129.995,0.9649169110459433,,,124.846,0.2562,59.56,52.350868372943324,255.573,23.5,4.495,8.35,2.8,36.7,59.607,0.6,67.27,0.557
PAN,Panama,North America,235955.688,1956.185,0.9973405299313052,,,1493.643,0.4137,72.0,50.06598720292505,55.133,29.700000000000003,7.918,8.33,2.4,9.9,,2.3,78.51,0.815
PCN,Pitcairn,Oceania,85106.383,,,,,,,100.0,,,,,,,,,,,
PER,Peru,South America,132376.433,6480.93,1.0810088148873653,,,859.283,0.333,84.18,53.71301645338208,25.129,29.100000000000005,7.151,5.95,4.8,,,1.6,76.74,0.777
PHL,Philippines,Asia,35898.552,575.256,1.04533203125,,,250.025,0.4611,67.88,58.58877513711152,351.873,25.2,4.803,7.07,7.8,40.8,78.463,1.0,71.23,0.718
PLW,Palau,Oceania,332282.681,497.678,0.5984857142857143,,,3308.2,0.1534,,,47.237,,,15.89,7.7,22.7,,4.8,73.7,0.8260000000000001
PNG,Papua New Guinea,Oceania,4620.5,66.058,0.7941223103057758,,,25.042,,3.17,45.28147166361975,18.22,22.6,3.808,17.65,23.5,48.8,,,64.5,0.555
POL,Poland,Europe,163514.902,3001.143,1.043388671875,,874.724,964.881,0.4069,56.82,39.8650365630713,124.027,41.8,16.763,5.91,23.3,33.1,,6.62,78.73,0.88
PRI,Puerto Rico,North America,385164.303,1825.722,,,,927.239,0.823,,0.0,376.232,38.2,15.168,12.9,,,,,80.1,
PRK,North Korea,Asia,,,,,,7.045,,,,211.701,35.3,9.491,4.0,,,,13.199999999999998,72.27,
PRT,Portugal,Europe,544262.957,2609.714,1.031258536585366,88.016,668.785,4161.808,0.5301,86.66,43.77980804387568,112.371,46.2,21.502,9.85,16.3,30.0,,3.3899999999999997,82.05,0.8640000000000001
PRY,Paraguay,South America,108507.104,2931.831,0.8421834496510469,,,389.304,0.639,52.31,43.75977148080439,17.144,26.5,6.378,8.27,5.0,21.6,79.602,1.3,74.25,0.728
PSE,Palestine,Asia,133946.251,1087.222,0.8506838453914768,,,,0.8582,33.85,51.76260511882998,778.202,20.4,3.043,10.59,,,,,74.05,0.708
PYF,French Polynesia,Oceania,256585.219,2118.893,,,,,,60.99,,77.324,32.7,7.775,22.63,,,,,77.66,
QAT,Qatar,Asia,190558.455,256.017,1.0215481986368062,,,2817.619,,105.83,52.586325411334556,227.322,31.899999999999995,1.307,16.52,0.8,26.9,,1.2,80.23,0.848
REU,Reunion,Africa,507765.419,945.525,,,,,,,,,36.0,,,,,,,80.48,
ROU,Romania,Europe,173211.213,3468.745,0.949892578125,96.748,1065.706,1099.946,0.7675,41.28,44.404478976234,85.129,43.0,17.85,9.74,22.9,37.1,,6.8919999999999995,76.05,0.828
RUS,Russia,Europe,158537.302,2758.737,1.0461998041136142,,,2034.729,0.2949,55.08,41.29217550274223,8.823,39.6,14.178,6.18,23.4,58.3,,8.05,72.58,0.824
RWA,Rwanda,Africa,9668.061,106.557,0.9276470588235294,,,411.155,0.1257,71.85,53.826005484460694,494.869,20.3,2.974,4.28,4.7,21.0,4.617,,69.02,0.543
SAU,Saudi Arabia,Asia,23111.678,264.936,1.014609375,,,1203.085,0.1938,69.86,45.65463436928702,15.322,31.899999999999995,3.295,17.72,1.8,25.4,,2.7,75.13,0.8540000000000001
SDN,Sudan,Africa,1365.207,107.65,0.8305578093306287,,,12.33,,28.62,29.500191956124315,23.258,19.7,3.548,15.67,,,23.437,0.8,65.31,0.51
SEN,Senegal,Africa,5139.563,113.822,0.9776976284584981,,,65.303,0.5714,8.33,26.687056672760512,82.328,18.7,3.008,2.42,0.4,16.6,20.859,,67.94,0.512
SGP,Singapore,Asia,438938.858,305.48,1.0519364161849711,,,,0.1718,90.85,43.654003656307125,7915.731,42.4,12.922,10.99,5.2,28.3,,2.4,83.62,0.938
SHN,Saint Helena,Africa,401036.845,,,,,,,65.38,,,,,,,,,,80.56,
SLB,Solomon Islands,Oceania,29838.238,211.247,0.3260579710144928,,,,,35.12,36.62259597806216,21.841,20.8,3.507,18.68,,,35.89,1.4,73.0,0.567
SLE,Sierra Leone,Africa,901.958,14.641,0.663564862104188,,,50.889,0.0027,51.99,42.811252285191955,104.7,19.1,2.538,2.42,8.8,41.3,19.275,,54.7,0.452
SLV,El Salvador,North America,31845.405,667.572,0.62374749498998,,,304.335,0.204,68.56,41.48520109689213,307.811,27.600000000000005,8.273,8.87,2.5,18.8,90.65,1.3,73.32,0.673
SMR,San Marino,Europe,721222.915,3710.3,0.8250146914789422,,,,,70.15,36.51049360146253,556.667,,,5.64,,,,3.7999999999999994,84.97,
SOM,Somalia,Africa,1553.288,77.34,0.576959595959596,,,29.37,0.0624,39.98,29.939606946983545,23.5,16.8,2.731,6.05,,,9.831,0.8999999999999999,57.4,
SPM,Saint Pierre and Miquelon,North America,582158.029,339.847,,,,,,,,,,,,,,,,81.07,
SRB,Serbia,Europe,369984.081,2627.501,1.0367811579980373,51.371,1416.129,1433.869,0.5768,47.71,37.394954296160876,80.291,41.2,17.366,10.08,37.7,40.2,97.719,5.609,76.0,0.806
SSD,South Sudan,Africa,1683.104,12.645,0.7355005159958721,,,38.172,0.3558,38.67,40.410100548446074,,19.2,3.441,10.43,,,,,57.85,0.433
STP,Sao Tome and Principe,Africa,28914.698,351.814,0.5605246913580247,,,21.039,0.0504,49.25,,212.841,18.7,2.886,2.42,,,41.34,2.9,70.39,0.625
SUR,Suriname,South America,133506.244,2273.294,0.8821914893617021,,,137.335,0.508,38.49,54.346654478976234,3.612,29.600000000000005,6.933,12.54,7.4,42.9,67.779,3.1,71.68,0.738
SVK,Slovakia,Europe,330800.37,3750.717,0.9855740922473012,112.165,701.343,9405.66,0.34,45.68,39.05111517367459,113.128,41.2,15.07,7.29,23.1,37.7,,5.82,77.54,0.86
SVN,Slovenia,Europe,634192.249,4424.384,1.0561463414634147,136.331,624.575,2517.858,0.748,57.66,40.655402193784276,102.619,44.5,19.062,7.25,20.1,25.0,,4.5,81.32,0.917
SWE,Sweden,Europe,256928.555,2310.19,1.143827519379845,53.084,263.144,1758.614,0.7919,71.98,36.756435100548444,24.718,41.0,19.985,4.79,18.8,18.9,,2.22,82.8,0.945
SWZ,Eswatini,Africa,62138.007,1185.84,0.8977175025588536,,,461.016,0.194,35.46,48.67247714808044,79.492,21.5,3.163,3.94,1.7,16.5,24.097,2.1,60.19,0.611
SXM,Sint Maarten (Dutch part),North America,250067.886,2081.825,,,,,,60.58,,1209.088,,,,,,,,78.95,
SYC,Seychelles,Africa,475446.866,1605.451,0.7327924944812362,,,,,78.0,46.13047531992687,208.354,36.2,8.606,10.55,7.1,35.7,,3.5999999999999996,73.4,0.796
SYR,Syria,Asia,2595.361,142.959,0.9767752100840336,,,8.251,0.5305,10.66,37.58095978062157,,21.7,,,,,70.598,1.5,72.7,0.567
TCA,Turks and Caicos Islands,North America,144075.581,831.037,,,,,,67.16,,37.312,,,,,,,,80.22,
TCD,Chad,Africa,434.343,10.946,0.6533128205128206,,,12.74,0.2394,34.57,36.380009140767825,11.833,16.7,2.486,6.1,,,5.818,,54.24,0.398
TGO,Togo,Africa,4463.82,32.773,1.0193353783231083,,,86.722,0.313,17.56,43.61255941499086,143.366,19.4,2.839,6.15,0.9,14.2,10.475,0.7,61.04,0.515
THA,Thailand,Asia,66181.868,476.491,0.9881524926686217,,,345.439,0.5805,74.6,43.042358318098714,135.132,40.1,11.373,7.04,1.9,38.8,90.67,2.1,77.15,0.777
TJK,Tajikistan,Asia,1787.037,12.559,0.38247687564234323,,,,,51.95,27.93074954296161,64.281,23.3,3.466,7.11,,,72.704,4.8,71.1,0.668
TKL,Tokelau,Oceania,2641.31,,,,,,,116.38,,,,,,,,,,81.86,
TKM,Turkmenistan,Asia,,,,,,,,52.22,48.94180073126143,12.253,26.899999999999995,4.277,7.11,,,100.0,7.400000000000001,68.19,0.715
TLS,Timor,Asia,17483.065,102.885,0.8868405797101448,,,200.493,0.677,59.6,36.303400365630715,87.176,18.0,3.556,6.86,6.3,78.1,28.178,5.9,69.5,0.606
TON,Tonga,Oceania,157363.826,112.289,0.5078947368421053,,,,,72.39,45.68866544789763,150.028,22.3,5.82,15.42,11.8,44.4,,2.6,70.91,0.725
TTO,Trinidad and Tobago,North America,125075.52,2867.326,0.9186640079760717,,,503.653,0.689,46.82,52.234597806215724,266.886,36.2,10.014,10.97,,,89.443,3.0,73.51,0.796
TUN,Tunisia,Africa,93340.254,2381.007,0.9626331360946746,,,379.013,0.4881,51.81,49.45946983546617,74.228,32.7,8.001,8.52,1.1,65.8,78.687,2.3,76.7,0.74
TUR,Turkey,Asia,199255.078,1188.394,0.8519627085377821,,,1924.668,0.2334,62.31,42.20237659963437,104.914,31.600000000000005,8.153,12.13,14.1,41.1,,2.81,77.69,0.82
TUV,Tuvalu,Oceania,245169.828,,0.28706896551724137,,,,,83.86,,373.067,,,27.25,,,,,67.57,
TWN,Taiwan,Asia,,,0.9938039215686274,,,545.749,0.8394,86.94,30.159500462534687,,42.2,,,,,,,80.46,
TZA,Tanzania,Africa,657.702,12.916,0.16175757575757574,,,7.168,0.1191,49.11,14.983500914076783,64.699,17.7,3.108,5.75,3.3,26.7,47.953,0.7,65.46,0.529
UGA,Uganda,Africa,3614.317,76.868,0.8094644696189496,,,59.955,0.9704,27.6,53.86269652650823,213.759,16.4,2.168,2.5,3.4,16.7,21.222,0.5,63.37,0.544
UKR,Ukraine,Europe,139944.23,2830.959,0.9738696939782823,,,443.101,0.6027,38.17,41.57124314442413,77.39,41.4,16.462,7.11,13.5,47.4,,8.8,72.06,0.779
URY,Uruguay,South America,303486.974,2230.34,1.0149901768172889,,,1776.525,0.41,84.8,37.5313802559415,19.751,35.6,14.655,6.93,14.0,19.9,,2.8,77.91,0.817
USA,United States,North America,305763.91,3331.912,1.0809381044487427,85.403,456.7,2708.533,0.292,69.47,48.491736745886655,35.608,38.3,15.413,10.79,19.1,24.6,,2.77,78.86,0.926
UZB,Uzbekistan,Asia,7325.418,47.274,1.0362475247524752,,,,,52.41,38.73373857404022,76.134,28.200000000000003,4.469,7.57,1.3,24.7,,4.0,71.72,0.72
VAT,Vatican,Europe,32178.218,,,,,,,,,,,,,,,,,75.12,
VCT,Saint Vincent and the Grenadines,North America,92642.292,1192.778,0.7840696117804552,,,1038.876,0.9724,30.43,,281.787,31.799999999999997,7.724,11.62,,,,2.6,72.53,0.738
VEN,Venezuela,South America,19528.686,206.913,1.0532015810276678,,,,,52.88,55.30235831809872,36.253,29.0,6.614,6.47,,,,0.8,72.06,0.711
VGB,British Virgin Islands,North America,233148.219,2042.64,,,,3104.878,,58.28,,207.973,,,13.67,,,,,79.07,
VIR,United States Virgin Islands,North America,252535.711,1316.861,,,,1149.744,0.421,,0.0,306.48,42.2,18.601,12.26,,,,,80.58,
VNM,Vietnam,Asia,118295.376,440.039,0.9429232283464567,,,880.538,0.9958,87.54,54.78276965265082,308.127,32.6,7.15,6.0,1.0,45.9,85.847,2.6,75.4,0.704
VUT,Vanuatu,Oceania,36784.149,42.847,0.6248993288590604,,,37.567,0.0132,49.66,29.298948811700182,22.662,23.1,4.394,12.02,2.8,34.5,25.209,,70.47,0.609
WLF,Wallis and Futuna,Oceania,306140.048,689.893,,,,,,58.67,,,,,,,,,,79.94,
WSM,Samoa,Oceania,75286.659,139.395,0.5865277777777778,,,,,80.02,,69.413,22.0,5.606,9.21,16.7,38.1,,,73.32,0.715
YEM,Yemen,Asia,354.487,64.072,0.7014241164241164,,,10.216,0.0289,2.34,25.49569469835466,53.508,20.3,2.922,5.35,7.6,29.2,49.542,0.7,66.12,0.47
ZAF,South Africa,Africa,67995.807,1712.946,1.0224019607843136,44.98,301.099,431.667,0.3512,35.13,43.93546617915905,46.754,27.299999999999997,5.344,5.52,8.1,33.2,43.993,2.32,64.13,0.709
ZMB,Zambia,Africa,17184.567,202.721,0.9299692937563971,,,180.456,0.3203,46.03,31.849652650822673,22.995,17.7,2.48,3.94,3.1,24.7,13.938,2.0,63.89,0.584
ZWE,Zimbabwe,Africa,16245.726,348.947,0.9776736842105263,,,148.804,0.4415,29.11,58.37132541133455,42.729,19.6,2.822,1.82,1.6,30.7,36.791,1.7000000000000002,61.49,0.571
